
CREATE TABLE RUSER
(
    userID int UNIQUE NOT NULL,
    name VARCHAR(30) NOT NULL,
    favorite_restaurant INT,
    PRIMARY KEY (userID),
    FOREIGN KEY (favorite_restaurant) REFERENCES RESTAURANT (rID)
);

CREATE TABLE CONTACT
(
    email VARCHAR(30) UNIQUE NOT NULL,
    phone_number VARCHAR(10) UNIQUE NOT NULL,
    uID INT NOT NULL,
    counter INT NOT NULL ,
    FOREIGN KEY (uID) REFERENCES RUSER(userID),
    PRIMARY KEY (counter, uID)
);

-- When creating data we only need 5 cities and their corresponding states
CREATE TABLE CITY
(
    name VARCHAR(30) NOT NULL,
    state VARCHAR(30) NOT NULL,
    PRIMARY KEY (name, state)
);


CREATE TABLE REVIEW
(
    rating INT NOT NULL,
    uID INT  NOT NULL,
    rID INT  NOT NULL,
    review_day DATE NOT NULL,
    message TEXT,
    PRIMARY KEY (uID, rID),
    FOREIGN KEY(uID) REFERENCES RUSER(userID),
    FOREIGN KEY(rID) REFERENCES RESTAURANT(rID)
);

CREATE TABLE RESTAURANT
(
    rID INT UNIQUE NOT NULL,
    address VARCHAR(50) NOT NULL,
    rCity VARCHAR(30) NOT NULL,
    cuisine VARCHAR(20) NOT NULL,
    name VARCHAR(50) NOT NULL,
    PRIMARY KEY (rID),
    FOREIGN KEY (rCity) REFERENCES CITY(name)
);

CREATE TABLE HOURS
(
    start_time TIME NOT NULL,
    end_time TIME NOT NULL,
    time_name VARCHAR(20) NOT NULL,
    rest_id INT UNIQUE NOT NULL,
    PRIMARY KEY (time_name, rest_id),
    FOREIGN KEY (rest_id) REFERENCES RESTAURANT(rID)
);

CREATE TABLE RCONTACT
(
    email VARCHAR (50) UNIQUE NOT NULL,
    phone_number VARCHAR(10) UNIQUE NOT NULL,
    rest_id INT UNIQUE NOT NULL,
    PRIMARY KEY (email, phone_number),
    FOREIGN KEY (rest_id) REFERENCES RESTAURANT(rID)
);

CREATE TABLE MENU
(   
    m_name VARCHAR(30) NOT NULL,
    r_id INT UNIQUE NOT NULL,
    LANGUAGE VARCHAR(30) DEFAULT 'English',
    PRIMARY KEY (m_name, r_id),
    FOREIGN KEY (r_id) REFERENCES RESTAURANT(rID)
);

CREATE TABLE FOOD_ENTRIES
(
    price DECIMAL(13,2) NOT NULL,
    r_menu_id INT NOT NULL,
    name VARCHAR(60) NOT NULL,
    PRIMARY KEY (name, r_menu_id),
    FOREIGN KEY (r_menu_id) REFERENCES MENU(r_id)
);

------------------- BEGINNING OF RUSER INSERTIONS--------------------=====

insert into RUSER (userID, name, favorite_restaurant) values (1, 'Jammie', 86);
insert into RUSER (userID, name, favorite_restaurant) values (2, 'Rafa', 219);
insert into RUSER (userID, name, favorite_restaurant) values (3, 'Akim', 37);
insert into RUSER (userID, name, favorite_restaurant) values (4, 'Arvin', 52);
insert into RUSER (userID, name, favorite_restaurant) values (5, 'Thebault', 113);
insert into RUSER (userID, name, favorite_restaurant) values (6, 'Phaidra', 134);
insert into RUSER (userID, name, favorite_restaurant) values (7, 'Adrian', 163);
insert into RUSER (userID, name, favorite_restaurant) values (8, 'Reggi', 40);
insert into RUSER (userID, name, favorite_restaurant) values (9, 'Port', 76);
insert into RUSER (userID, name, favorite_restaurant) values (10, 'Lenora', 219);
insert into RUSER (userID, name, favorite_restaurant) values (11, 'Rena', 158);
insert into RUSER (userID, name, favorite_restaurant) values (12, 'Kath', 232);
insert into RUSER (userID, name, favorite_restaurant) values (13, 'Corabella', 75);
insert into RUSER (userID, name, favorite_restaurant) values (14, 'Cristian', 195);
insert into RUSER (userID, name, favorite_restaurant) values (15, 'Johannah', 172);
insert into RUSER (userID, name, favorite_restaurant) values (16, 'Elbert', 230);
insert into RUSER (userID, name, favorite_restaurant) values (17, 'Konrad', 16);
insert into RUSER (userID, name, favorite_restaurant) values (18, 'Gardener', 244);
insert into RUSER (userID, name, favorite_restaurant) values (19, 'Terrill', 187);
insert into RUSER (userID, name, favorite_restaurant) values (20, 'Ilise', 74);
insert into RUSER (userID, name, favorite_restaurant) values (21, 'Bryant', 14);
insert into RUSER (userID, name, favorite_restaurant) values (22, 'Milo', 147);
insert into RUSER (userID, name, favorite_restaurant) values (23, 'Christophe', 213);
insert into RUSER (userID, name, favorite_restaurant) values (24, 'Cynde', 239);
insert into RUSER (userID, name, favorite_restaurant) values (25, 'Nerita', 163);
insert into RUSER (userID, name, favorite_restaurant) values (26, 'Erl', 148);
insert into RUSER (userID, name, favorite_restaurant) values (27, 'Orelie', 185);
insert into RUSER (userID, name, favorite_restaurant) values (28, 'Guillaume', 211);
insert into RUSER (userID, name, favorite_restaurant) values (29, 'Obie', 236);
insert into RUSER (userID, name, favorite_restaurant) values (30, 'Didi', 154);
insert into RUSER (userID, name, favorite_restaurant) values (31, 'Becka', 76);
insert into RUSER (userID, name, favorite_restaurant) values (32, 'Flore', 63);
insert into RUSER (userID, name, favorite_restaurant) values (33, 'Minor', 120);
insert into RUSER (userID, name, favorite_restaurant) values (34, 'Tammy', 159);
insert into RUSER (userID, name, favorite_restaurant) values (35, 'Gertie', 37);
insert into RUSER (userID, name, favorite_restaurant) values (36, 'Etta', 225);
insert into RUSER (userID, name, favorite_restaurant) values (37, 'Anthiathia', 138);
insert into RUSER (userID, name, favorite_restaurant) values (38, 'Boot', 48);
insert into RUSER (userID, name, favorite_restaurant) values (39, 'Jean', 87);
insert into RUSER (userID, name, favorite_restaurant) values (40, 'Cheston', 8);
insert into RUSER (userID, name, favorite_restaurant) values (41, 'Christye', 118);
insert into RUSER (userID, name, favorite_restaurant) values (42, 'Jenny', 12);
insert into RUSER (userID, name, favorite_restaurant) values (43, 'Arthur', 247);
insert into RUSER (userID, name, favorite_restaurant) values (44, 'Cointon', 102);
insert into RUSER (userID, name, favorite_restaurant) values (45, 'Perle', 234);
insert into RUSER (userID, name, favorite_restaurant) values (46, 'Kelsey', 82);
insert into RUSER (userID, name, favorite_restaurant) values (47, 'Gannon', 180);
insert into RUSER (userID, name, favorite_restaurant) values (48, 'Cleavland', 182);
insert into RUSER (userID, name, favorite_restaurant) values (49, 'Dorothee', 47);
insert into RUSER (userID, name, favorite_restaurant) values (50, 'Zeke', 85);
insert into RUSER (userID, name, favorite_restaurant) values (51, 'Tabby', 250);
insert into RUSER (userID, name, favorite_restaurant) values (52, 'Phaedra', 199);
insert into RUSER (userID, name, favorite_restaurant) values (53, 'Amelie', 98);
insert into RUSER (userID, name, favorite_restaurant) values (54, 'Hendrik', 67);
insert into RUSER (userID, name, favorite_restaurant) values (55, 'Estrellita', 175);
insert into RUSER (userID, name, favorite_restaurant) values (56, 'Issy', 137);
insert into RUSER (userID, name, favorite_restaurant) values (57, 'Grove', 199);
insert into RUSER (userID, name, favorite_restaurant) values (58, 'Codie', 27);
insert into RUSER (userID, name, favorite_restaurant) values (59, 'Leland', 75);
insert into RUSER (userID, name, favorite_restaurant) values (60, 'Gorden', 69);
insert into RUSER (userID, name, favorite_restaurant) values (61, 'Fara', 38);
insert into RUSER (userID, name, favorite_restaurant) values (62, 'Glenden', 149);
insert into RUSER (userID, name, favorite_restaurant) values (63, 'Charlton', 21);
insert into RUSER (userID, name, favorite_restaurant) values (64, 'Trueman', 103);
insert into RUSER (userID, name, favorite_restaurant) values (65, 'Maurizio', 50);
insert into RUSER (userID, name, favorite_restaurant) values (66, 'Kristy', 242);
insert into RUSER (userID, name, favorite_restaurant) values (67, 'Tarah', 118);
insert into RUSER (userID, name, favorite_restaurant) values (68, 'Lynelle', 75);
insert into RUSER (userID, name, favorite_restaurant) values (69, 'Sander', 237);
insert into RUSER (userID, name, favorite_restaurant) values (70, 'Willey', 86);
insert into RUSER (userID, name, favorite_restaurant) values (71, 'Evin', 126);
insert into RUSER (userID, name, favorite_restaurant) values (72, 'Jeanie', 190);
insert into RUSER (userID, name, favorite_restaurant) values (73, 'Mercedes', 215);
insert into RUSER (userID, name, favorite_restaurant) values (74, 'Krista', 151);
insert into RUSER (userID, name, favorite_restaurant) values (75, 'Dukie', 197);
insert into RUSER (userID, name, favorite_restaurant) values (76, 'Babbie', 218);
insert into RUSER (userID, name, favorite_restaurant) values (77, 'Ase', 238);
insert into RUSER (userID, name, favorite_restaurant) values (78, 'Honoria', 173);
insert into RUSER (userID, name, favorite_restaurant) values (79, 'Bil', 10);
insert into RUSER (userID, name, favorite_restaurant) values (80, 'Serge', 248);
insert into RUSER (userID, name, favorite_restaurant) values (81, 'Risa', 36);
insert into RUSER (userID, name, favorite_restaurant) values (82, 'Vernon', 225);
insert into RUSER (userID, name, favorite_restaurant) values (83, 'Gleda', 2);
insert into RUSER (userID, name, favorite_restaurant) values (84, 'Lanni', 137);
insert into RUSER (userID, name, favorite_restaurant) values (85, 'Phylys', 184);
insert into RUSER (userID, name, favorite_restaurant) values (86, 'Shandeigh', 150);
insert into RUSER (userID, name, favorite_restaurant) values (87, 'Arielle', 122);
insert into RUSER (userID, name, favorite_restaurant) values (88, 'Ravid', 249);
insert into RUSER (userID, name, favorite_restaurant) values (89, 'Derrik', 77);
insert into RUSER (userID, name, favorite_restaurant) values (90, 'Borden', 68);
insert into RUSER (userID, name, favorite_restaurant) values (91, 'Jessalin', 3);
insert into RUSER (userID, name, favorite_restaurant) values (92, 'Barrie', 197);
insert into RUSER (userID, name, favorite_restaurant) values (93, 'Damaris', 224);
insert into RUSER (userID, name, favorite_restaurant) values (94, 'Adrea', 31);
insert into RUSER (userID, name, favorite_restaurant) values (95, 'Edwin', 28);
insert into RUSER (userID, name, favorite_restaurant) values (96, 'Uriah', 149);
insert into RUSER (userID, name, favorite_restaurant) values (97, 'Kassandra', 55);
insert into RUSER (userID, name, favorite_restaurant) values (98, 'Garv', 102);
insert into RUSER (userID, name, favorite_restaurant) values (99, 'Jessie', 178);
insert into RUSER (userID, name, favorite_restaurant) values (100, 'Gunter', 70);
insert into RUSER (userID, name, favorite_restaurant) values (101, 'Pren', 28);
insert into RUSER (userID, name, favorite_restaurant) values (102, 'Leonardo', 197);
insert into RUSER (userID, name, favorite_restaurant) values (103, 'Kristos', 139);
insert into RUSER (userID, name, favorite_restaurant) values (104, 'Fawn', 206);
insert into RUSER (userID, name, favorite_restaurant) values (105, 'Allyn', 245);
insert into RUSER (userID, name, favorite_restaurant) values (106, 'Curry', 108);
insert into RUSER (userID, name, favorite_restaurant) values (107, 'Manfred', 124);
insert into RUSER (userID, name, favorite_restaurant) values (108, 'Galvin', 125);
insert into RUSER (userID, name, favorite_restaurant) values (109, 'Ade', 212);
insert into RUSER (userID, name, favorite_restaurant) values (110, 'Sloane', 87);
insert into RUSER (userID, name, favorite_restaurant) values (111, 'Dinah', 108);
insert into RUSER (userID, name, favorite_restaurant) values (112, 'Denna', 98);
insert into RUSER (userID, name, favorite_restaurant) values (113, 'Ginnie', 84);
insert into RUSER (userID, name, favorite_restaurant) values (114, 'Raynard', 176);
insert into RUSER (userID, name, favorite_restaurant) values (115, 'Sandor', 139);
insert into RUSER (userID, name, favorite_restaurant) values (116, 'Willie', 36);
insert into RUSER (userID, name, favorite_restaurant) values (117, 'Bennie', 183);
insert into RUSER (userID, name, favorite_restaurant) values (118, 'Nessa', 68);
insert into RUSER (userID, name, favorite_restaurant) values (119, 'Rivalee', 111);
insert into RUSER (userID, name, favorite_restaurant) values (120, 'Calv', 26);
insert into RUSER (userID, name, favorite_restaurant) values (121, 'Annabella', 1);
insert into RUSER (userID, name, favorite_restaurant) values (122, 'Homere', 60);
insert into RUSER (userID, name, favorite_restaurant) values (123, 'Ramona', 213);
insert into RUSER (userID, name, favorite_restaurant) values (124, 'Noreen', 19);
insert into RUSER (userID, name, favorite_restaurant) values (125, 'Lucine', 89);
insert into RUSER (userID, name, favorite_restaurant) values (126, 'Harley', 171);
insert into RUSER (userID, name, favorite_restaurant) values (127, 'Morrie', 43);
insert into RUSER (userID, name, favorite_restaurant) values (128, 'Garey', 221);
insert into RUSER (userID, name, favorite_restaurant) values (129, 'Dalton', 101);
insert into RUSER (userID, name, favorite_restaurant) values (130, 'Tarra', 41);
insert into RUSER (userID, name, favorite_restaurant) values (131, 'Nerte', 183);
insert into RUSER (userID, name, favorite_restaurant) values (132, 'Erastus', 103);
insert into RUSER (userID, name, favorite_restaurant) values (133, 'Darci', 144);
insert into RUSER (userID, name, favorite_restaurant) values (134, 'Tann', 104);
insert into RUSER (userID, name, favorite_restaurant) values (135, 'Alma', 91);
insert into RUSER (userID, name, favorite_restaurant) values (136, 'Ibbie', 172);
insert into RUSER (userID, name, favorite_restaurant) values (137, 'Justine', 130);
insert into RUSER (userID, name, favorite_restaurant) values (138, 'Hi', 64);
insert into RUSER (userID, name, favorite_restaurant) values (139, 'Westbrooke', 103);
insert into RUSER (userID, name, favorite_restaurant) values (140, 'Caspar', 78);
insert into RUSER (userID, name, favorite_restaurant) values (141, 'Nathan', 101);
insert into RUSER (userID, name, favorite_restaurant) values (142, 'Nicholas', 9);
insert into RUSER (userID, name, favorite_restaurant) values (143, 'Nicki', 86);
insert into RUSER (userID, name, favorite_restaurant) values (144, 'Lindsey', 189);
insert into RUSER (userID, name, favorite_restaurant) values (145, 'Mirabel', 114);
insert into RUSER (userID, name, favorite_restaurant) values (146, 'Cornela', 182);
insert into RUSER (userID, name, favorite_restaurant) values (147, 'Willamina', 219);
insert into RUSER (userID, name, favorite_restaurant) values (148, 'Tressa', 73);
insert into RUSER (userID, name, favorite_restaurant) values (149, 'Willi', 124);
insert into RUSER (userID, name, favorite_restaurant) values (150, 'Gare', 110);
insert into RUSER (userID, name, favorite_restaurant) values (151, 'Gerda', 62);
insert into RUSER (userID, name, favorite_restaurant) values (152, 'Ebonee', 31);
insert into RUSER (userID, name, favorite_restaurant) values (153, 'Kary', 163);
insert into RUSER (userID, name, favorite_restaurant) values (154, 'Stinky', 160);
insert into RUSER (userID, name, favorite_restaurant) values (155, 'Lisetta', 142);
insert into RUSER (userID, name, favorite_restaurant) values (156, 'Terrance', 125);
insert into RUSER (userID, name, favorite_restaurant) values (157, 'Nertie', 78);
insert into RUSER (userID, name, favorite_restaurant) values (158, 'Andi', 247);
insert into RUSER (userID, name, favorite_restaurant) values (159, 'Elliot', 172);
insert into RUSER (userID, name, favorite_restaurant) values (160, 'Tadio', 39);
insert into RUSER (userID, name, favorite_restaurant) values (161, 'Yurik', 246);
insert into RUSER (userID, name, favorite_restaurant) values (162, 'Giacobo', 45);
insert into RUSER (userID, name, favorite_restaurant) values (163, 'Conan', 18);
insert into RUSER (userID, name, favorite_restaurant) values (164, 'Ulises', 109);
insert into RUSER (userID, name, favorite_restaurant) values (165, 'Mariska', 61);
insert into RUSER (userID, name, favorite_restaurant) values (166, 'Leia', 105);
insert into RUSER (userID, name, favorite_restaurant) values (167, 'Abbie', 38);
insert into RUSER (userID, name, favorite_restaurant) values (168, 'Jeannette', 200);
insert into RUSER (userID, name, favorite_restaurant) values (169, 'Melicent', 104);
insert into RUSER (userID, name, favorite_restaurant) values (170, 'Boyd', 208);
insert into RUSER (userID, name, favorite_restaurant) values (171, 'Kerrill', 154);
insert into RUSER (userID, name, favorite_restaurant) values (172, 'Misty', 103);
insert into RUSER (userID, name, favorite_restaurant) values (173, 'Ceil', 199);
insert into RUSER (userID, name, favorite_restaurant) values (174, 'Lissi', 37);
insert into RUSER (userID, name, favorite_restaurant) values (175, 'Crista', 89);
insert into RUSER (userID, name, favorite_restaurant) values (176, 'Drusilla', 17);
insert into RUSER (userID, name, favorite_restaurant) values (177, 'Fawnia', 159);
insert into RUSER (userID, name, favorite_restaurant) values (178, 'Hernando', 109);
insert into RUSER (userID, name, favorite_restaurant) values (179, 'Morten', 249);
insert into RUSER (userID, name, favorite_restaurant) values (180, 'Naoma', 248);
insert into RUSER (userID, name, favorite_restaurant) values (181, 'Gladi', 205);
insert into RUSER (userID, name, favorite_restaurant) values (182, 'Darrel', 132);
insert into RUSER (userID, name, favorite_restaurant) values (183, 'Winonah', 41);
insert into RUSER (userID, name, favorite_restaurant) values (184, 'Hally', 182);
insert into RUSER (userID, name, favorite_restaurant) values (185, 'Anthiathia', 24);
insert into RUSER (userID, name, favorite_restaurant) values (186, 'Susie', 133);
insert into RUSER (userID, name, favorite_restaurant) values (187, 'Egor', 168);
insert into RUSER (userID, name, favorite_restaurant) values (188, 'Mignonne', 36);
insert into RUSER (userID, name, favorite_restaurant) values (189, 'Ambur', 80);
insert into RUSER (userID, name, favorite_restaurant) values (190, 'Ariel', 70);
insert into RUSER (userID, name, favorite_restaurant) values (191, 'Thaxter', 250);
insert into RUSER (userID, name, favorite_restaurant) values (192, 'Marylou', 36);
insert into RUSER (userID, name, favorite_restaurant) values (193, 'Erny', 142);
insert into RUSER (userID, name, favorite_restaurant) values (194, 'Nancey', 181);
insert into RUSER (userID, name, favorite_restaurant) values (195, 'Adriano', 138);
insert into RUSER (userID, name, favorite_restaurant) values (196, 'Corbie', 244);
insert into RUSER (userID, name, favorite_restaurant) values (197, 'Koo', 99);
insert into RUSER (userID, name, favorite_restaurant) values (198, 'Elihu', 173);
insert into RUSER (userID, name, favorite_restaurant) values (199, 'Suzi', 32);
insert into RUSER (userID, name, favorite_restaurant) values (200, 'Lisette', 172);
insert into RUSER (userID, name, favorite_restaurant) values (201, 'Dot', 164);
insert into RUSER (userID, name, favorite_restaurant) values (202, 'Joan', 42);
insert into RUSER (userID, name, favorite_restaurant) values (203, 'Vonny', 130);
insert into RUSER (userID, name, favorite_restaurant) values (204, 'Lazare', 136);
insert into RUSER (userID, name, favorite_restaurant) values (205, 'Loleta', 8);
insert into RUSER (userID, name, favorite_restaurant) values (206, 'Elonore', 239);
insert into RUSER (userID, name, favorite_restaurant) values (207, 'Rogers', 68);
insert into RUSER (userID, name, favorite_restaurant) values (208, 'Jecho', 81);
insert into RUSER (userID, name, favorite_restaurant) values (209, 'Renae', 224);
insert into RUSER (userID, name, favorite_restaurant) values (210, 'Rebeka', 176);
insert into RUSER (userID, name, favorite_restaurant) values (211, 'Wenda', 175);
insert into RUSER (userID, name, favorite_restaurant) values (212, 'Wyatt', 248);
insert into RUSER (userID, name, favorite_restaurant) values (213, 'Lucas', 109);
insert into RUSER (userID, name, favorite_restaurant) values (214, 'Huntley', 77);
insert into RUSER (userID, name, favorite_restaurant) values (215, 'Silvanus', 22);
insert into RUSER (userID, name, favorite_restaurant) values (216, 'Sheilakathryn', 135);
insert into RUSER (userID, name, favorite_restaurant) values (217, 'Michelle', 11);
insert into RUSER (userID, name, favorite_restaurant) values (218, 'Stacey', 10);
insert into RUSER (userID, name, favorite_restaurant) values (219, 'Misty', 17);
insert into RUSER (userID, name, favorite_restaurant) values (220, 'Sherwood', 70);
insert into RUSER (userID, name, favorite_restaurant) values (221, 'Mable', 92);
insert into RUSER (userID, name, favorite_restaurant) values (222, 'Melody', 107);
insert into RUSER (userID, name, favorite_restaurant) values (223, 'Arri', 190);
insert into RUSER (userID, name, favorite_restaurant) values (224, 'Ezri', 154);
insert into RUSER (userID, name, favorite_restaurant) values (225, 'Fonz', 132);
insert into RUSER (userID, name, favorite_restaurant) values (226, 'Henrieta', 125);
insert into RUSER (userID, name, favorite_restaurant) values (227, 'Thelma', 184);
insert into RUSER (userID, name, favorite_restaurant) values (228, 'Gavrielle', 110);
insert into RUSER (userID, name, favorite_restaurant) values (229, 'Dave', 53);
insert into RUSER (userID, name, favorite_restaurant) values (230, 'Marian', 24);
insert into RUSER (userID, name, favorite_restaurant) values (231, 'Kimmie', 158);
insert into RUSER (userID, name, favorite_restaurant) values (232, 'Zebulon', 18);
insert into RUSER (userID, name, favorite_restaurant) values (233, 'Jerrilee', 138);
insert into RUSER (userID, name, favorite_restaurant) values (234, 'Olga', 35);
insert into RUSER (userID, name, favorite_restaurant) values (235, 'Hobie', 4);
insert into RUSER (userID, name, favorite_restaurant) values (236, 'Collen', 249);
insert into RUSER (userID, name, favorite_restaurant) values (237, 'Rustin', 15);
insert into RUSER (userID, name, favorite_restaurant) values (238, 'Flory', 68);
insert into RUSER (userID, name, favorite_restaurant) values (239, 'Fransisco', 233);
insert into RUSER (userID, name, favorite_restaurant) values (240, 'Honoria', 105);
insert into RUSER (userID, name, favorite_restaurant) values (241, 'Obediah', 175);
insert into RUSER (userID, name, favorite_restaurant) values (242, 'Beniamino', 14);
insert into RUSER (userID, name, favorite_restaurant) values (243, 'Philippine', 99);
insert into RUSER (userID, name, favorite_restaurant) values (244, 'Casie', 135);
insert into RUSER (userID, name, favorite_restaurant) values (245, 'Eamon', 74);
insert into RUSER (userID, name, favorite_restaurant) values (246, 'Jessalin', 134);
insert into RUSER (userID, name, favorite_restaurant) values (247, 'Marnia', 48);
insert into RUSER (userID, name, favorite_restaurant) values (248, 'Cicily', 56);
insert into RUSER (userID, name, favorite_restaurant) values (249, 'Estelle', 54);
insert into RUSER (userID, name, favorite_restaurant) values (250, 'Gianna', 217);
insert into RUSER (userID, name, favorite_restaurant) values (251, 'Brucie', 195);
insert into RUSER (userID, name, favorite_restaurant) values (252, 'Sheri', 93);
insert into RUSER (userID, name, favorite_restaurant) values (253, 'Anatollo', 208);
insert into RUSER (userID, name, favorite_restaurant) values (254, 'Sheryl', 57);
insert into RUSER (userID, name, favorite_restaurant) values (255, 'Hewett', 232);
insert into RUSER (userID, name, favorite_restaurant) values (256, 'Juieta', 236);
insert into RUSER (userID, name, favorite_restaurant) values (257, 'Franzen', 84);
insert into RUSER (userID, name, favorite_restaurant) values (258, 'Keslie', 241);
insert into RUSER (userID, name, favorite_restaurant) values (259, 'Stan', 51);
insert into RUSER (userID, name, favorite_restaurant) values (260, 'Konstantine', 139);
insert into RUSER (userID, name, favorite_restaurant) values (261, 'Fair', 146);
insert into RUSER (userID, name, favorite_restaurant) values (262, 'Franny', 200);
insert into RUSER (userID, name, favorite_restaurant) values (263, 'Phineas', 93);
insert into RUSER (userID, name, favorite_restaurant) values (264, 'Elsbeth', 151);
insert into RUSER (userID, name, favorite_restaurant) values (265, 'Giuditta', 245);
insert into RUSER (userID, name, favorite_restaurant) values (266, 'Angel', 180);
insert into RUSER (userID, name, favorite_restaurant) values (267, 'Susanne', 60);
insert into RUSER (userID, name, favorite_restaurant) values (268, 'Desiree', 165);
insert into RUSER (userID, name, favorite_restaurant) values (269, 'Loydie', 126);
insert into RUSER (userID, name, favorite_restaurant) values (270, 'Collete', 198);
insert into RUSER (userID, name, favorite_restaurant) values (271, 'Roma', 172);
insert into RUSER (userID, name, favorite_restaurant) values (272, 'Blanche', 24);
insert into RUSER (userID, name, favorite_restaurant) values (273, 'Nelly', 245);
insert into RUSER (userID, name, favorite_restaurant) values (274, 'Nate', 38);
insert into RUSER (userID, name, favorite_restaurant) values (275, 'Bert', 238);
insert into RUSER (userID, name, favorite_restaurant) values (276, 'Claudine', 240);
insert into RUSER (userID, name, favorite_restaurant) values (277, 'Amelie', 14);
insert into RUSER (userID, name, favorite_restaurant) values (278, 'Robinette', 236);
insert into RUSER (userID, name, favorite_restaurant) values (279, 'Chevalier', 152);
insert into RUSER (userID, name, favorite_restaurant) values (280, 'Juliette', 111);
insert into RUSER (userID, name, favorite_restaurant) values (281, 'Riannon', 10);
insert into RUSER (userID, name, favorite_restaurant) values (282, 'Jens', 161);
insert into RUSER (userID, name, favorite_restaurant) values (283, 'Carey', 10);
insert into RUSER (userID, name, favorite_restaurant) values (284, 'Roxanna', 74);
insert into RUSER (userID, name, favorite_restaurant) values (285, 'Davida', 12);
insert into RUSER (userID, name, favorite_restaurant) values (286, 'Emylee', 31);
insert into RUSER (userID, name, favorite_restaurant) values (287, 'Care', 60);
insert into RUSER (userID, name, favorite_restaurant) values (288, 'Leonhard', 7);
insert into RUSER (userID, name, favorite_restaurant) values (289, 'Marilin', 50);
insert into RUSER (userID, name, favorite_restaurant) values (290, 'Thorvald', 191);
insert into RUSER (userID, name, favorite_restaurant) values (291, 'Romonda', 34);
insert into RUSER (userID, name, favorite_restaurant) values (292, 'Nanon', 156);
insert into RUSER (userID, name, favorite_restaurant) values (293, 'Bethina', 125);
insert into RUSER (userID, name, favorite_restaurant) values (294, 'Portia', 193);
insert into RUSER (userID, name, favorite_restaurant) values (295, 'Dacey', 143);
insert into RUSER (userID, name, favorite_restaurant) values (296, 'Ewen', 175);
insert into RUSER (userID, name, favorite_restaurant) values (297, 'Ellary', 111);
insert into RUSER (userID, name, favorite_restaurant) values (298, 'Ardella', 173);
insert into RUSER (userID, name, favorite_restaurant) values (299, 'Aimee', 55);
insert into RUSER (userID, name, favorite_restaurant) values (300, 'Inesita', 34);
insert into RUSER (userID, name, favorite_restaurant) values (301, 'Martita', 171);
insert into RUSER (userID, name, favorite_restaurant) values (302, 'Germayne', 70);
insert into RUSER (userID, name, favorite_restaurant) values (303, 'Adriaens', 89);
insert into RUSER (userID, name, favorite_restaurant) values (304, 'Rosaleen', 238);
insert into RUSER (userID, name, favorite_restaurant) values (305, 'Gran', 108);
insert into RUSER (userID, name, favorite_restaurant) values (306, 'Peadar', 231);
insert into RUSER (userID, name, favorite_restaurant) values (307, 'Dani', 158);
insert into RUSER (userID, name, favorite_restaurant) values (308, 'Dick', 162);
insert into RUSER (userID, name, favorite_restaurant) values (309, 'Charlton', 223);
insert into RUSER (userID, name, favorite_restaurant) values (310, 'Denny', 66);
insert into RUSER (userID, name, favorite_restaurant) values (311, 'Lavinia', 118);
insert into RUSER (userID, name, favorite_restaurant) values (312, 'Candide', 37);
insert into RUSER (userID, name, favorite_restaurant) values (313, 'Reagen', 162);
insert into RUSER (userID, name, favorite_restaurant) values (314, 'Aleda', 230);
insert into RUSER (userID, name, favorite_restaurant) values (315, 'Freedman', 29);
insert into RUSER (userID, name, favorite_restaurant) values (316, 'Brady', 157);
insert into RUSER (userID, name, favorite_restaurant) values (317, 'Yanaton', 61);
insert into RUSER (userID, name, favorite_restaurant) values (318, 'Duane', 111);
insert into RUSER (userID, name, favorite_restaurant) values (319, 'Fran', 169);
insert into RUSER (userID, name, favorite_restaurant) values (320, 'Grethel', 2);
insert into RUSER (userID, name, favorite_restaurant) values (321, 'Beilul', 17);
insert into RUSER (userID, name, favorite_restaurant) values (322, 'Ingrid', 225);
insert into RUSER (userID, name, favorite_restaurant) values (323, 'Angy', 156);
insert into RUSER (userID, name, favorite_restaurant) values (324, 'Henrietta', 26);
insert into RUSER (userID, name, favorite_restaurant) values (325, 'Reagan', 4);
insert into RUSER (userID, name, favorite_restaurant) values (326, 'Susi', 36);
insert into RUSER (userID, name, favorite_restaurant) values (327, 'Letitia', 39);
insert into RUSER (userID, name, favorite_restaurant) values (328, 'Nadine', 225);
insert into RUSER (userID, name, favorite_restaurant) values (329, 'Adrianna', 74);
insert into RUSER (userID, name, favorite_restaurant) values (330, 'Ingram', 155);
insert into RUSER (userID, name, favorite_restaurant) values (331, 'Bob', 242);
insert into RUSER (userID, name, favorite_restaurant) values (332, 'Abbott', 98);
insert into RUSER (userID, name, favorite_restaurant) values (333, 'Anastassia', 25);
insert into RUSER (userID, name, favorite_restaurant) values (334, 'Dilly', 164);
insert into RUSER (userID, name, favorite_restaurant) values (335, 'Jania', 225);
insert into RUSER (userID, name, favorite_restaurant) values (336, 'Kellsie', 243);
insert into RUSER (userID, name, favorite_restaurant) values (337, 'Brooke', 157);
insert into RUSER (userID, name, favorite_restaurant) values (338, 'Arri', 77);
insert into RUSER (userID, name, favorite_restaurant) values (339, 'May', 196);
insert into RUSER (userID, name, favorite_restaurant) values (340, 'Constantino', 189);
insert into RUSER (userID, name, favorite_restaurant) values (341, 'Catha', 143);
insert into RUSER (userID, name, favorite_restaurant) values (342, 'Hedi', 23);
insert into RUSER (userID, name, favorite_restaurant) values (343, 'Alidia', 21);
insert into RUSER (userID, name, favorite_restaurant) values (344, 'Emlynn', 83);
insert into RUSER (userID, name, favorite_restaurant) values (345, 'Bennett', 228);
insert into RUSER (userID, name, favorite_restaurant) values (346, 'Emelia', 137);
insert into RUSER (userID, name, favorite_restaurant) values (347, 'Natka', 9);
insert into RUSER (userID, name, favorite_restaurant) values (348, 'Lanna', 75);
insert into RUSER (userID, name, favorite_restaurant) values (349, 'Burr', 126);
insert into RUSER (userID, name, favorite_restaurant) values (350, 'Colas', 29);
insert into RUSER (userID, name, favorite_restaurant) values (351, 'Lorine', 246);
insert into RUSER (userID, name, favorite_restaurant) values (352, 'Julianne', 130);
insert into RUSER (userID, name, favorite_restaurant) values (353, 'Ferrel', 205);
insert into RUSER (userID, name, favorite_restaurant) values (354, 'Pall', 218);
insert into RUSER (userID, name, favorite_restaurant) values (355, 'Leroi', 137);
insert into RUSER (userID, name, favorite_restaurant) values (356, 'Golda', 216);
insert into RUSER (userID, name, favorite_restaurant) values (357, 'Julina', 219);
insert into RUSER (userID, name, favorite_restaurant) values (358, 'Harriot', 147);
insert into RUSER (userID, name, favorite_restaurant) values (359, 'Franky', 167);
insert into RUSER (userID, name, favorite_restaurant) values (360, 'Linnea', 173);
insert into RUSER (userID, name, favorite_restaurant) values (361, 'Zorine', 137);
insert into RUSER (userID, name, favorite_restaurant) values (362, 'Giffie', 129);
insert into RUSER (userID, name, favorite_restaurant) values (363, 'Jermaine', 147);
insert into RUSER (userID, name, favorite_restaurant) values (364, 'Sukey', 160);
insert into RUSER (userID, name, favorite_restaurant) values (365, 'Trista', 81);
insert into RUSER (userID, name, favorite_restaurant) values (366, 'Rene', 123);
insert into RUSER (userID, name, favorite_restaurant) values (367, 'Joelly', 28);
insert into RUSER (userID, name, favorite_restaurant) values (368, 'Kora', 122);
insert into RUSER (userID, name, favorite_restaurant) values (369, 'Delcine', 135);
insert into RUSER (userID, name, favorite_restaurant) values (370, 'Averill', 74);
insert into RUSER (userID, name, favorite_restaurant) values (371, 'Lolly', 44);
insert into RUSER (userID, name, favorite_restaurant) values (372, 'Peder', 239);
insert into RUSER (userID, name, favorite_restaurant) values (373, 'Rolando', 3);
insert into RUSER (userID, name, favorite_restaurant) values (374, 'Clementius', 226);
insert into RUSER (userID, name, favorite_restaurant) values (375, 'Bayard', 248);
insert into RUSER (userID, name, favorite_restaurant) values (376, 'Garwood', 28);
insert into RUSER (userID, name, favorite_restaurant) values (377, 'Stefan', 65);
insert into RUSER (userID, name, favorite_restaurant) values (378, 'Billie', 64);
insert into RUSER (userID, name, favorite_restaurant) values (379, 'Hedy', 103);
insert into RUSER (userID, name, favorite_restaurant) values (380, 'Gun', 190);
insert into RUSER (userID, name, favorite_restaurant) values (381, 'Roberto', 117);
insert into RUSER (userID, name, favorite_restaurant) values (382, 'Stanislas', 125);
insert into RUSER (userID, name, favorite_restaurant) values (383, 'Dyane', 219);
insert into RUSER (userID, name, favorite_restaurant) values (384, 'Des', 122);
insert into RUSER (userID, name, favorite_restaurant) values (385, 'Jamil', 34);
insert into RUSER (userID, name, favorite_restaurant) values (386, 'Doy', 34);
insert into RUSER (userID, name, favorite_restaurant) values (387, 'Averil', 208);
insert into RUSER (userID, name, favorite_restaurant) values (388, 'Colleen', 170);
insert into RUSER (userID, name, favorite_restaurant) values (389, 'Svend', 236);
insert into RUSER (userID, name, favorite_restaurant) values (390, 'Charlotta', 142);
insert into RUSER (userID, name, favorite_restaurant) values (391, 'Thorin', 75);
insert into RUSER (userID, name, favorite_restaurant) values (392, 'Faye', 243);
insert into RUSER (userID, name, favorite_restaurant) values (393, 'Obed', 191);
insert into RUSER (userID, name, favorite_restaurant) values (394, 'Ferdinande', 226);
insert into RUSER (userID, name, favorite_restaurant) values (395, 'Sherman', 107);
insert into RUSER (userID, name, favorite_restaurant) values (396, 'Felicia', 67);
insert into RUSER (userID, name, favorite_restaurant) values (397, 'De', 1);
insert into RUSER (userID, name, favorite_restaurant) values (398, 'Patrica', 7);
insert into RUSER (userID, name, favorite_restaurant) values (399, 'Sharl', 91);
insert into RUSER (userID, name, favorite_restaurant) values (400, 'Zia', 144);
insert into RUSER (userID, name, favorite_restaurant) values (401, 'Reagen', 96);
insert into RUSER (userID, name, favorite_restaurant) values (402, 'Raff', 150);
insert into RUSER (userID, name, favorite_restaurant) values (403, 'Karmen', 10);
insert into RUSER (userID, name, favorite_restaurant) values (404, 'Annmarie', 148);
insert into RUSER (userID, name, favorite_restaurant) values (405, 'Wilow', 11);
insert into RUSER (userID, name, favorite_restaurant) values (406, 'Malia', 217);
insert into RUSER (userID, name, favorite_restaurant) values (407, 'Pet', 30);
insert into RUSER (userID, name, favorite_restaurant) values (408, 'Emery', 117);
insert into RUSER (userID, name, favorite_restaurant) values (409, 'Sarah', 93);
insert into RUSER (userID, name, favorite_restaurant) values (410, 'Guntar', 61);
insert into RUSER (userID, name, favorite_restaurant) values (411, 'Pierre', 205);
insert into RUSER (userID, name, favorite_restaurant) values (412, 'Hussein', 39);
insert into RUSER (userID, name, favorite_restaurant) values (413, 'Graehme', 5);
insert into RUSER (userID, name, favorite_restaurant) values (414, 'Wayne', 222);
insert into RUSER (userID, name, favorite_restaurant) values (415, 'Davine', 25);
insert into RUSER (userID, name, favorite_restaurant) values (416, 'Andria', 157);
insert into RUSER (userID, name, favorite_restaurant) values (417, 'Ninette', 162);
insert into RUSER (userID, name, favorite_restaurant) values (418, 'Sigismond', 12);
insert into RUSER (userID, name, favorite_restaurant) values (419, 'Pansie', 77);
insert into RUSER (userID, name, favorite_restaurant) values (420, 'Ford', 160);
insert into RUSER (userID, name, favorite_restaurant) values (421, 'Salim', 68);
insert into RUSER (userID, name, favorite_restaurant) values (422, 'Marlyn', 60);
insert into RUSER (userID, name, favorite_restaurant) values (423, 'Phillipp', 6);
insert into RUSER (userID, name, favorite_restaurant) values (424, 'Lonny', 139);
insert into RUSER (userID, name, favorite_restaurant) values (425, 'Garland', 2);
insert into RUSER (userID, name, favorite_restaurant) values (426, 'Chicky', 195);
insert into RUSER (userID, name, favorite_restaurant) values (427, 'Egan', 61);
insert into RUSER (userID, name, favorite_restaurant) values (428, 'Hartley', 198);
insert into RUSER (userID, name, favorite_restaurant) values (429, 'Wit', 49);
insert into RUSER (userID, name, favorite_restaurant) values (430, 'Elden', 5);
insert into RUSER (userID, name, favorite_restaurant) values (431, 'Lucretia', 159);
insert into RUSER (userID, name, favorite_restaurant) values (432, 'Maryjo', 175);
insert into RUSER (userID, name, favorite_restaurant) values (433, 'Nalani', 77);
insert into RUSER (userID, name, favorite_restaurant) values (434, 'Ephrayim', 57);
insert into RUSER (userID, name, favorite_restaurant) values (435, 'Bab', 225);
insert into RUSER (userID, name, favorite_restaurant) values (436, 'Nolly', 213);
insert into RUSER (userID, name, favorite_restaurant) values (437, 'Karla', 233);
insert into RUSER (userID, name, favorite_restaurant) values (438, 'Shandeigh', 171);
insert into RUSER (userID, name, favorite_restaurant) values (439, 'Edwin', 208);
insert into RUSER (userID, name, favorite_restaurant) values (440, 'Vilma', 193);
insert into RUSER (userID, name, favorite_restaurant) values (441, 'Maxim', 14);
insert into RUSER (userID, name, favorite_restaurant) values (442, 'Candide', 10);
insert into RUSER (userID, name, favorite_restaurant) values (443, 'Avis', 55);
insert into RUSER (userID, name, favorite_restaurant) values (444, 'Miles', 234);
insert into RUSER (userID, name, favorite_restaurant) values (445, 'Link', 141);
insert into RUSER (userID, name, favorite_restaurant) values (446, 'Fraser', 228);
insert into RUSER (userID, name, favorite_restaurant) values (447, 'Vitoria', 25);
insert into RUSER (userID, name, favorite_restaurant) values (448, 'Henrietta', 119);
insert into RUSER (userID, name, favorite_restaurant) values (449, 'Sashenka', 43);
insert into RUSER (userID, name, favorite_restaurant) values (450, 'Sarene', 160);
insert into RUSER (userID, name, favorite_restaurant) values (451, 'Jewell', 9);
insert into RUSER (userID, name, favorite_restaurant) values (452, 'Veriee', 148);
insert into RUSER (userID, name, favorite_restaurant) values (453, 'Alfie', 46);
insert into RUSER (userID, name, favorite_restaurant) values (454, 'Kellen', 90);
insert into RUSER (userID, name, favorite_restaurant) values (455, 'Kelley', 187);
insert into RUSER (userID, name, favorite_restaurant) values (456, 'Merrilee', 219);
insert into RUSER (userID, name, favorite_restaurant) values (457, 'Florian', 246);
insert into RUSER (userID, name, favorite_restaurant) values (458, 'Dara', 211);
insert into RUSER (userID, name, favorite_restaurant) values (459, 'Burnaby', 244);
insert into RUSER (userID, name, favorite_restaurant) values (460, 'Karen', 194);
insert into RUSER (userID, name, favorite_restaurant) values (461, 'Felita', 34);
insert into RUSER (userID, name, favorite_restaurant) values (462, 'Erek', 78);
insert into RUSER (userID, name, favorite_restaurant) values (463, 'Bertina', 42);
insert into RUSER (userID, name, favorite_restaurant) values (464, 'Rochette', 228);
insert into RUSER (userID, name, favorite_restaurant) values (465, 'Janeczka', 15);
insert into RUSER (userID, name, favorite_restaurant) values (466, 'Calhoun', 153);
insert into RUSER (userID, name, favorite_restaurant) values (467, 'Amil', 227);
insert into RUSER (userID, name, favorite_restaurant) values (468, 'Merola', 232);
insert into RUSER (userID, name, favorite_restaurant) values (469, 'Riley', 203);
insert into RUSER (userID, name, favorite_restaurant) values (470, 'Charmian', 198);
insert into RUSER (userID, name, favorite_restaurant) values (471, 'Mohammed', 53);
insert into RUSER (userID, name, favorite_restaurant) values (472, 'Brewster', 141);
insert into RUSER (userID, name, favorite_restaurant) values (473, 'Frederik', 25);
insert into RUSER (userID, name, favorite_restaurant) values (474, 'Deeann', 148);
insert into RUSER (userID, name, favorite_restaurant) values (475, 'Teddie', 115);
insert into RUSER (userID, name, favorite_restaurant) values (476, 'Aurelie', 247);
insert into RUSER (userID, name, favorite_restaurant) values (477, 'Chastity', 212);
insert into RUSER (userID, name, favorite_restaurant) values (478, 'Katee', 229);
insert into RUSER (userID, name, favorite_restaurant) values (479, 'Cherise', 83);
insert into RUSER (userID, name, favorite_restaurant) values (480, 'Franny', 77);
insert into RUSER (userID, name, favorite_restaurant) values (481, 'Andres', 164);
insert into RUSER (userID, name, favorite_restaurant) values (482, 'Elmer', 141);
insert into RUSER (userID, name, favorite_restaurant) values (483, 'Constance', 126);
insert into RUSER (userID, name, favorite_restaurant) values (484, 'Inger', 111);
insert into RUSER (userID, name, favorite_restaurant) values (485, 'Stacee', 68);
insert into RUSER (userID, name, favorite_restaurant) values (486, 'Talya', 51);
insert into RUSER (userID, name, favorite_restaurant) values (487, 'Darice', 35);
insert into RUSER (userID, name, favorite_restaurant) values (488, 'Valentina', 118);
insert into RUSER (userID, name, favorite_restaurant) values (489, 'Jarret', 60);
insert into RUSER (userID, name, favorite_restaurant) values (490, 'Adelice', 61);
insert into RUSER (userID, name, favorite_restaurant) values (491, 'Glynn', 91);
insert into RUSER (userID, name, favorite_restaurant) values (492, 'Cissiee', 147);
insert into RUSER (userID, name, favorite_restaurant) values (493, 'Massimo', 154);
insert into RUSER (userID, name, favorite_restaurant) values (494, 'Amerigo', 153);
insert into RUSER (userID, name, favorite_restaurant) values (495, 'Shaylah', 72);
insert into RUSER (userID, name, favorite_restaurant) values (496, 'Doe', 15);
insert into RUSER (userID, name, favorite_restaurant) values (497, 'Clementine', 184);
insert into RUSER (userID, name, favorite_restaurant) values (498, 'Ber', 117);
insert into RUSER (userID, name, favorite_restaurant) values (499, 'Celestine', 97);
insert into RUSER (userID, name, favorite_restaurant) values (500, 'Nedda', 91);
------------------- END OF RUSER INSERTIONS-------------------------------

------------------- BEGINNING OF CONTACT INSERTIONS-----------------------
insert into Contact (email, phone_number, uID, counter) values ('dseymark0@webmd.com', '9916199853', 1, 1);
insert into Contact (email, phone_number, uID, counter) values ('rkubach1@diigo.com', '9083609679', 2, 1);
insert into Contact (email, phone_number, uID, counter) values ('wmcgilroy2@amazon.de', '3198948485', 3, 1);
insert into Contact (email, phone_number, uID, counter) values ('kbackshell3@xrea.com', '9824342042', 4, 1);
insert into Contact (email, phone_number, uID, counter) values ('emedway4@goodreads.com', '9372937077', 5, 1);
insert into Contact (email, phone_number, uID, counter) values ('jranahan5@va.gov', '1974884261', 6, 1);
insert into Contact (email, phone_number, uID, counter) values ('sdrynan6@telegraph.co.uk', '1738371878', 7, 1);
insert into Contact (email, phone_number, uID, counter) values ('jcollins7@redcross.org', '2409304636', 8, 1);
insert into Contact (email, phone_number, uID, counter) values ('mmendus8@china.com.cn', '3386107321', 9, 1);
insert into Contact (email, phone_number, uID, counter) values ('rpodd9@etsy.com', '3016058684', 10, 1);
insert into Contact (email, phone_number, uID, counter) values ('ctabbernora@scientificamerican.com', '3717655108', 11, 1);
insert into Contact (email, phone_number, uID, counter) values ('kmacdunlevyb@intel.com', '1157002317', 12, 1);
insert into Contact (email, phone_number, uID, counter) values ('lplewrightc@pcworld.com', '4942308213', 13, 1);
insert into Contact (email, phone_number, uID, counter) values ('ewitlingd@wiley.com', '3404643054', 14, 1);
insert into Contact (email, phone_number, uID, counter) values ('cabrame@istockphoto.com', '8098129870', 15, 1);
insert into Contact (email, phone_number, uID, counter) values ('sotsonf@marketwatch.com', '8988966777', 16, 1);
insert into Contact (email, phone_number, uID, counter) values ('twealleansg@go.com', '2218222054', 17, 1);
insert into Contact (email, phone_number, uID, counter) values ('rchristoforh@yandex.ru', '5402354278', 18, 1);
insert into Contact (email, phone_number, uID, counter) values ('yciobotarui@rambler.ru', '9481253375', 19, 1);
insert into Contact (email, phone_number, uID, counter) values ('hpennickj@arizona.edu', '4707857661', 20, 1);
insert into Contact (email, phone_number, uID, counter) values ('kakramk@alibaba.com', '2123756215', 21, 1);
insert into Contact (email, phone_number, uID, counter) values ('kcrottyl@bloglines.com', '7008040785', 22, 1);
insert into Contact (email, phone_number, uID, counter) values ('mgreenstockm@hp.com', '5504301042', 23, 1);
insert into Contact (email, phone_number, uID, counter) values ('fponten@tinypic.com', '7172475071', 24, 1);
insert into Contact (email, phone_number, uID, counter) values ('jgoundsyo@cyberchimps.com', '3756487837', 25, 1);
insert into Contact (email, phone_number, uID, counter) values ('rwoolesp@hp.com', '6076098687', 26, 1);
insert into Contact (email, phone_number, uID, counter) values ('rseadonq@oakley.com', '6647415002', 27, 1);
insert into Contact (email, phone_number, uID, counter) values ('sjandourekr@paypal.com', '7252759625', 28, 1);
insert into Contact (email, phone_number, uID, counter) values ('ccordalls@plala.or.jp', '8326531685', 29, 1);
insert into Contact (email, phone_number, uID, counter) values ('ddyett@mysql.com', '8892347563', 30, 1);
insert into Contact (email, phone_number, uID, counter) values ('bconeybeareu@nytimes.com', '4846304588', 31, 1);
insert into Contact (email, phone_number, uID, counter) values ('ejosev@biblegateway.com', '9968882974', 32, 1);
insert into Contact (email, phone_number, uID, counter) values ('tschultzew@ihg.com', '6665001135', 33, 1);
insert into Contact (email, phone_number, uID, counter) values ('cjinax@theguardian.com', '8266098077', 34, 1);
insert into Contact (email, phone_number, uID, counter) values ('cmilleryy@mac.com', '3414407575', 35, 1);
insert into Contact (email, phone_number, uID, counter) values ('dschwanderz@usatoday.com', '1377710006', 36, 1);
insert into Contact (email, phone_number, uID, counter) values ('dboyan10@mayoclinic.com', '2059444803', 37, 1);
insert into Contact (email, phone_number, uID, counter) values ('nsywell11@sbwire.com', '4975274640', 38, 1);
insert into Contact (email, phone_number, uID, counter) values ('ddrinkale12@sitemeter.com', '9338236013', 39, 1);
insert into Contact (email, phone_number, uID, counter) values ('nhrinchenko13@ucsd.edu', '8845517435', 40, 1);
insert into Contact (email, phone_number, uID, counter) values ('emccaughren14@samsung.com', '8805303172', 41, 1);
insert into Contact (email, phone_number, uID, counter) values ('wdeaconson15@columbia.edu', '9321623132', 42, 1);
insert into Contact (email, phone_number, uID, counter) values ('atwigger16@squidoo.com', '2304401440', 43, 1);
insert into Contact (email, phone_number, uID, counter) values ('aschuck17@omniture.com', '3395039366', 44, 1);
insert into Contact (email, phone_number, uID, counter) values ('schastagnier18@constantcontact.com', '8998086027', 45, 1);
insert into Contact (email, phone_number, uID, counter) values ('jworld19@msu.edu', '4571564500', 46, 1);
insert into Contact (email, phone_number, uID, counter) values ('yionnisian1a@rediff.com', '1664821198', 47, 1);
insert into Contact (email, phone_number, uID, counter) values ('lloiterton1b@amazon.co.uk', '6553277917', 48, 1);
insert into Contact (email, phone_number, uID, counter) values ('ddegue1c@whitehouse.gov', '5436992713', 49, 1);
insert into Contact (email, phone_number, uID, counter) values ('celfleet1d@gravatar.com', '7909526863', 50, 1);
insert into Contact (email, phone_number, uID, counter) values ('kboot1e@miitbeian.gov.cn', '3178566307', 51, 1);
insert into Contact (email, phone_number, uID, counter) values ('vgarrique1f@prnewswire.com', '5667681760', 52, 1);
insert into Contact (email, phone_number, uID, counter) values ('rsyder1g@berkeley.edu', '7125482823', 53, 1);
insert into Contact (email, phone_number, uID, counter) values ('radvani1h@mozilla.com', '2267103141', 54, 1);
insert into Contact (email, phone_number, uID, counter) values ('sisbell1i@arstechnica.com', '8205780607', 55, 1);
insert into Contact (email, phone_number, uID, counter) values ('mfreegard1j@zdnet.com', '7134882853', 56, 1);
insert into Contact (email, phone_number, uID, counter) values ('phenkens1k@harvard.edu', '6032577713', 57, 1);
insert into Contact (email, phone_number, uID, counter) values ('tblacktin1l@xing.com', '7806744983', 58, 1);
insert into Contact (email, phone_number, uID, counter) values ('ibedin1m@oracle.com', '9501738651', 59, 1);
insert into Contact (email, phone_number, uID, counter) values ('rlabrone1n@telegraph.co.uk', '3517638044', 60, 1);
insert into Contact (email, phone_number, uID, counter) values ('dstocking1o@dropbox.com', '4977695934', 61, 1);
insert into Contact (email, phone_number, uID, counter) values ('rmattheissen1p@washingtonpost.com', '2042302731', 62, 1);
insert into Contact (email, phone_number, uID, counter) values ('jbatham1q@google.com', '2968280048', 63, 1);
insert into Contact (email, phone_number, uID, counter) values ('bshipton1r@prnewswire.com', '5121447849', 64, 1);
insert into Contact (email, phone_number, uID, counter) values ('gchasney1s@ameblo.jp', '6202621022', 65, 1);
insert into Contact (email, phone_number, uID, counter) values ('plaity1t@storify.com', '1168129127', 66, 1);
insert into Contact (email, phone_number, uID, counter) values ('hurridge1u@shinystat.com', '2566503303', 67, 1);
insert into Contact (email, phone_number, uID, counter) values ('vtesto1v@a8.net', '1836872434', 68, 1);
insert into Contact (email, phone_number, uID, counter) values ('aneller1w@w3.org', '1277058598', 69, 1);
insert into Contact (email, phone_number, uID, counter) values ('hsorton1x@cnet.com', '3497677892', 70, 1);
insert into Contact (email, phone_number, uID, counter) values ('rhurkett1y@dion.ne.jp', '1184206725', 71, 1);
insert into Contact (email, phone_number, uID, counter) values ('gprobey1z@mac.com', '6557294210', 72, 1);
insert into Contact (email, phone_number, uID, counter) values ('sfollows20@senate.gov', '4675287800', 73, 1);
insert into Contact (email, phone_number, uID, counter) values ('ccleveley21@macromedia.com', '6199496052', 74, 1);
insert into Contact (email, phone_number, uID, counter) values ('shallock22@comcast.net', '3774994110', 75, 1);
insert into Contact (email, phone_number, uID, counter) values ('lmaltster23@narod.ru', '9017021610', 76, 1);
insert into Contact (email, phone_number, uID, counter) values ('jtytterton24@opensource.org', '8157054630', 77, 1);
insert into Contact (email, phone_number, uID, counter) values ('fraffin25@toplist.cz', '8574563913', 78, 1);
insert into Contact (email, phone_number, uID, counter) values ('blovemore26@narod.ru', '1556931941', 79, 1);
insert into Contact (email, phone_number, uID, counter) values ('mwhittuck27@wufoo.com', '2969254936', 80, 1);
insert into Contact (email, phone_number, uID, counter) values ('bclapham28@weibo.com', '7908538189', 81, 1);
insert into Contact (email, phone_number, uID, counter) values ('lklejna29@aol.com', '7601642440', 82, 1);
insert into Contact (email, phone_number, uID, counter) values ('itallon2a@gravatar.com', '8506909453', 83, 1);
insert into Contact (email, phone_number, uID, counter) values ('fdicky2b@webeden.co.uk', '2037626285', 84, 1);
insert into Contact (email, phone_number, uID, counter) values ('cwoolager2c@globo.com', '5316324628', 85, 1);
insert into Contact (email, phone_number, uID, counter) values ('tshipway2d@nymag.com', '3999265609', 86, 1);
insert into Contact (email, phone_number, uID, counter) values ('ncornhill2e@patch.com', '2301116405', 87, 1);
insert into Contact (email, phone_number, uID, counter) values ('mhellen2f@cisco.com', '6628281994', 88, 1);
insert into Contact (email, phone_number, uID, counter) values ('akimpton2g@zdnet.com', '4489129202', 89, 1);
insert into Contact (email, phone_number, uID, counter) values ('kdumphry2h@51.la', '5032948071', 90, 1);
insert into Contact (email, phone_number, uID, counter) values ('morrin2i@google.com', '6282729241', 91, 1);
insert into Contact (email, phone_number, uID, counter) values ('lhockell2j@spiegel.de', '7939533501', 92, 1);
insert into Contact (email, phone_number, uID, counter) values ('syokelman2k@mlb.com', '3692626290', 93, 1);
insert into Contact (email, phone_number, uID, counter) values ('cblethyn2l@shareasale.com', '2845863787', 94, 1);
insert into Contact (email, phone_number, uID, counter) values ('cmckiernan2m@fc2.com', '3574286423', 95, 1);
insert into Contact (email, phone_number, uID, counter) values ('asalvadori2n@delicious.com', '2961909339', 96, 1);
insert into Contact (email, phone_number, uID, counter) values ('tferres2o@dedecms.com', '9256474877', 97, 1);
insert into Contact (email, phone_number, uID, counter) values ('dcoleborn2p@soup.io', '5459831657', 98, 1);
insert into Contact (email, phone_number, uID, counter) values ('mgrimmert2q@si.edu', '3466032408', 99, 1);
insert into Contact (email, phone_number, uID, counter) values ('sprobey2r@bizjournals.com', '1502273541', 100, 1);
insert into Contact (email, phone_number, uID, counter) values ('lmcelwee2s@theglobeandmail.com', '1418878425', 101, 1);
insert into Contact (email, phone_number, uID, counter) values ('cpasquale2t@posterous.com', '1344132136', 102, 1);
insert into Contact (email, phone_number, uID, counter) values ('klynskey2u@github.com', '2929651967', 103, 1);
insert into Contact (email, phone_number, uID, counter) values ('vaggott2v@yellowbook.com', '3107875892', 104, 1);
insert into Contact (email, phone_number, uID, counter) values ('cavrahamian2w@ibm.com', '5611922665', 105, 1);
insert into Contact (email, phone_number, uID, counter) values ('zdunton2x@oracle.com', '1057215113', 106, 1);
insert into Contact (email, phone_number, uID, counter) values ('sguitel2y@soup.io', '7566056776', 107, 1);
insert into Contact (email, phone_number, uID, counter) values ('criddell2z@simplemachines.org', '2324439423', 108, 1);
insert into Contact (email, phone_number, uID, counter) values ('ttear30@umn.edu', '3812276273', 109, 1);
insert into Contact (email, phone_number, uID, counter) values ('paymerich31@simplemachines.org', '3333263092', 110, 1);
insert into Contact (email, phone_number, uID, counter) values ('strump32@stumbleupon.com', '6197287250', 111, 1);
insert into Contact (email, phone_number, uID, counter) values ('nmasterson33@nbcnews.com', '3102311275', 112, 1);
insert into Contact (email, phone_number, uID, counter) values ('fbehling34@dmoz.org', '5899285242', 113, 1);
insert into Contact (email, phone_number, uID, counter) values ('lgladdolph35@jalbum.net', '3088990557', 114, 1);
insert into Contact (email, phone_number, uID, counter) values ('ltullis36@behance.net', '2989104505', 115, 1);
insert into Contact (email, phone_number, uID, counter) values ('ggreenman37@gizmodo.com', '4829893045', 116, 1);
insert into Contact (email, phone_number, uID, counter) values ('pkohen38@japanpost.jp', '5955840390', 117, 1);
insert into Contact (email, phone_number, uID, counter) values ('mdraijer39@cdc.gov', '8162606943', 118, 1);
insert into Contact (email, phone_number, uID, counter) values ('mcouche3a@scientificamerican.com', '2659088039', 119, 1);
insert into Contact (email, phone_number, uID, counter) values ('aflorentine3b@tinyurl.com', '5712842228', 120, 1);
insert into Contact (email, phone_number, uID, counter) values ('ablaisdale3c@examiner.com', '3426417575', 121, 1);
insert into Contact (email, phone_number, uID, counter) values ('bshimmans3d@answers.com', '9879444739', 122, 1);
insert into Contact (email, phone_number, uID, counter) values ('rpresdee3e@bbc.co.uk', '8275307593', 123, 1);
insert into Contact (email, phone_number, uID, counter) values ('ojacobsen3f@tripadvisor.com', '4721679271', 124, 1);
insert into Contact (email, phone_number, uID, counter) values ('hbryett3g@utexas.edu', '4768204407', 125, 1);
insert into Contact (email, phone_number, uID, counter) values ('jcamelli3h@fema.gov', '5516312822', 126, 1);
insert into Contact (email, phone_number, uID, counter) values ('vgauler3i@qq.com', '8504190520', 127, 1);
insert into Contact (email, phone_number, uID, counter) values ('cbadsworth3j@samsung.com', '7139677509', 128, 1);
insert into Contact (email, phone_number, uID, counter) values ('agreenstead3k@ebay.com', '9178526992', 129, 1);
insert into Contact (email, phone_number, uID, counter) values ('acotesford3l@posterous.com', '8222642712', 130, 1);
insert into Contact (email, phone_number, uID, counter) values ('cchampionnet3m@mail.ru', '8718409727', 131, 1);
insert into Contact (email, phone_number, uID, counter) values ('epolly3n@addthis.com', '1996579605', 132, 1);
insert into Contact (email, phone_number, uID, counter) values ('abeggini3o@mail.ru', '8862531531', 133, 1);
insert into Contact (email, phone_number, uID, counter) values ('aodriscoll3p@soundcloud.com', '5011145113', 134, 1);
insert into Contact (email, phone_number, uID, counter) values ('jgissing3q@sitemeter.com', '4787094170', 135, 1);
insert into Contact (email, phone_number, uID, counter) values ('phustler3r@chron.com', '4738270767', 136, 1);
insert into Contact (email, phone_number, uID, counter) values ('sglayzer3s@zimbio.com', '6334912253', 137, 1);
insert into Contact (email, phone_number, uID, counter) values ('fkacheler3t@jiathis.com', '7517974215', 138, 1);
insert into Contact (email, phone_number, uID, counter) values ('scaddy3u@wikipedia.org', '6263125300', 139, 1);
insert into Contact (email, phone_number, uID, counter) values ('dgoard3v@cornell.edu', '2091988731', 140, 1);
insert into Contact (email, phone_number, uID, counter) values ('ehub3w@gnu.org', '4081435206', 141, 1);
insert into Contact (email, phone_number, uID, counter) values ('eheineking3x@weather.com', '2762859243', 142, 1);
insert into Contact (email, phone_number, uID, counter) values ('akeyzor3y@npr.org', '8479164117', 143, 1);
insert into Contact (email, phone_number, uID, counter) values ('sdavydochkin3z@java.com', '1599689367', 144, 1);
insert into Contact (email, phone_number, uID, counter) values ('gwinley40@blinklist.com', '4724580321', 145, 1);
insert into Contact (email, phone_number, uID, counter) values ('lofield41@businesswire.com', '2802780010', 146, 1);
insert into Contact (email, phone_number, uID, counter) values ('lrameaux42@usa.gov', '3876249361', 147, 1);
insert into Contact (email, phone_number, uID, counter) values ('gmckilroe43@geocities.com', '5643474301', 148, 1);
insert into Contact (email, phone_number, uID, counter) values ('mdemalchar44@cbc.ca', '9397577089', 149, 1);
insert into Contact (email, phone_number, uID, counter) values ('ttrevett45@deviantart.com', '5343089596', 150, 1);
insert into Contact (email, phone_number, uID, counter) values ('ekleinzweig46@simplemachines.org', '5331157750', 151, 1);
insert into Contact (email, phone_number, uID, counter) values ('lbritney47@netvibes.com', '6371464291', 152, 1);
insert into Contact (email, phone_number, uID, counter) values ('jrioch48@ted.com', '7062556473', 153, 1);
insert into Contact (email, phone_number, uID, counter) values ('omillsap49@gmpg.org', '7387049342', 154, 1);
insert into Contact (email, phone_number, uID, counter) values ('csamwaye4a@phoca.cz', '7549329203', 155, 1);
insert into Contact (email, phone_number, uID, counter) values ('idavidovitch4b@dmoz.org', '9527893536', 156, 1);
insert into Contact (email, phone_number, uID, counter) values ('mmccolley4c@discovery.com', '4063545470', 157, 1);
insert into Contact (email, phone_number, uID, counter) values ('ccirlos4d@slate.com', '2863038471', 158, 1);
insert into Contact (email, phone_number, uID, counter) values ('rdiviny4e@eepurl.com', '8931415674', 159, 1);
insert into Contact (email, phone_number, uID, counter) values ('ktonbye4f@issuu.com', '4199926999', 160, 1);
insert into Contact (email, phone_number, uID, counter) values ('vmulqueeny4g@ebay.com', '2963725312', 161, 1);
insert into Contact (email, phone_number, uID, counter) values ('rhansman4h@myspace.com', '2774928959', 162, 1);
insert into Contact (email, phone_number, uID, counter) values ('lcosley4i@slideshare.net', '8683328819', 163, 1);
insert into Contact (email, phone_number, uID, counter) values ('ljansens4j@bandcamp.com', '6274596780', 164, 1);
insert into Contact (email, phone_number, uID, counter) values ('mrowan4k@myspace.com', '3189049599', 165, 1);
insert into Contact (email, phone_number, uID, counter) values ('sgowthrop4l@reuters.com', '5656749620', 166, 1);
insert into Contact (email, phone_number, uID, counter) values ('bcaville4m@gravatar.com', '8691842251', 167, 1);
insert into Contact (email, phone_number, uID, counter) values ('lbenedetti4n@sina.com.cn', '3237937612', 168, 1);
insert into Contact (email, phone_number, uID, counter) values ('bswainger4o@ed.gov', '1141083567', 169, 1);
insert into Contact (email, phone_number, uID, counter) values ('vdirr4p@abc.net.au', '4703078725', 170, 1);
insert into Contact (email, phone_number, uID, counter) values ('djosephson4q@macromedia.com', '1451548885', 171, 1);
insert into Contact (email, phone_number, uID, counter) values ('rhargerie4r@sciencedirect.com', '3862814128', 172, 1);
insert into Contact (email, phone_number, uID, counter) values ('bweighell4s@buzzfeed.com', '2246202928', 173, 1);
insert into Contact (email, phone_number, uID, counter) values ('jerrol4t@si.edu', '5641193417', 174, 1);
insert into Contact (email, phone_number, uID, counter) values ('gbatrim4u@prnewswire.com', '6155818902', 175, 1);
insert into Contact (email, phone_number, uID, counter) values ('dthrossell4v@lulu.com', '4562236632', 176, 1);
insert into Contact (email, phone_number, uID, counter) values ('cveighey4w@zdnet.com', '8795331307', 177, 1);
insert into Contact (email, phone_number, uID, counter) values ('kgwyer4x@wiley.com', '5942761192', 178, 1);
insert into Contact (email, phone_number, uID, counter) values ('ccogzell4y@gmpg.org', '5522953568', 179, 1);
insert into Contact (email, phone_number, uID, counter) values ('pmedlin4z@time.com', '4364667692', 180, 1);
insert into Contact (email, phone_number, uID, counter) values ('kbizzey50@list-manage.com', '4514261243', 181, 1);
insert into Contact (email, phone_number, uID, counter) values ('cricks51@berkeley.edu', '5049355702', 182, 1);
insert into Contact (email, phone_number, uID, counter) values ('orobbe52@tamu.edu', '3073718747', 183, 1);
insert into Contact (email, phone_number, uID, counter) values ('kfarrey53@unblog.fr', '7149881268', 184, 1);
insert into Contact (email, phone_number, uID, counter) values ('elush54@loc.gov', '8813886299', 185, 1);
insert into Contact (email, phone_number, uID, counter) values ('nwhitehorn55@wsj.com', '4436603904', 186, 1);
insert into Contact (email, phone_number, uID, counter) values ('bgiovannelli56@devhub.com', '8968018667', 187, 1);
insert into Contact (email, phone_number, uID, counter) values ('kgulliford57@tmall.com', '3944682586', 188, 1);
insert into Contact (email, phone_number, uID, counter) values ('cbleddon58@com.com', '6501248775', 189, 1);
insert into Contact (email, phone_number, uID, counter) values ('heyre59@goodreads.com', '5555004955', 190, 1);
insert into Contact (email, phone_number, uID, counter) values ('pdibben5a@scientificamerican.com', '7443404386', 191, 1);
insert into Contact (email, phone_number, uID, counter) values ('lbaillie5b@opera.com', '2795791530', 192, 1);
insert into Contact (email, phone_number, uID, counter) values ('mclute5c@harvard.edu', '4176990912', 193, 1);
insert into Contact (email, phone_number, uID, counter) values ('dawcock5d@lulu.com', '1171497242', 194, 1);
insert into Contact (email, phone_number, uID, counter) values ('igallemore5e@sfgate.com', '6407846090', 195, 1);
insert into Contact (email, phone_number, uID, counter) values ('bmaccallam5f@fastcompany.com', '4782087546', 196, 1);
insert into Contact (email, phone_number, uID, counter) values ('bvolke5g@newyorker.com', '6207366948', 197, 1);
insert into Contact (email, phone_number, uID, counter) values ('mdidsbury5h@google.nl', '7017124555', 198, 1);
insert into Contact (email, phone_number, uID, counter) values ('gdesquesnes5i@huffingtonpost.com', '5269447079', 199, 1);
insert into Contact (email, phone_number, uID, counter) values ('aclaesens5j@hubpages.com', '2381634508', 200, 1);
insert into Contact (email, phone_number, uID, counter) values ('tinglese5k@foxnews.com', '5848928382', 201, 1);
insert into Contact (email, phone_number, uID, counter) values ('dtruce5l@icq.com', '8437820559', 202, 1);
insert into Contact (email, phone_number, uID, counter) values ('mdufty5m@dagondesign.com', '4034538783', 203, 1);
insert into Contact (email, phone_number, uID, counter) values ('agianulli5n@biblegateway.com', '1352146202', 204, 1);
insert into Contact (email, phone_number, uID, counter) values ('adigby5o@tuttocitta.it', '7774406147', 205, 1);
insert into Contact (email, phone_number, uID, counter) values ('bgallop5p@google.fr', '3527235580', 206, 1);
insert into Contact (email, phone_number, uID, counter) values ('ltollow5q@wired.com', '4306770498', 207, 1);
insert into Contact (email, phone_number, uID, counter) values ('hceyssen5r@theguardian.com', '8211481409', 208, 1);
insert into Contact (email, phone_number, uID, counter) values ('kodonegan5s@barnesandnoble.com', '5359713036', 209, 1);
insert into Contact (email, phone_number, uID, counter) values ('cwybrew5t@samsung.com', '8485322863', 210, 1);
insert into Contact (email, phone_number, uID, counter) values ('bgepheart5u@umich.edu', '6409710217', 211, 1);
insert into Contact (email, phone_number, uID, counter) values ('kdockray5v@tinypic.com', '4645076613', 212, 1);
insert into Contact (email, phone_number, uID, counter) values ('meagles5w@admin.ch', '8332160002', 213, 1);
insert into Contact (email, phone_number, uID, counter) values ('cschlagtmans5x@1und1.de', '2084266570', 214, 1);
insert into Contact (email, phone_number, uID, counter) values ('staylot5y@deviantart.com', '2348524694', 215, 1);
insert into Contact (email, phone_number, uID, counter) values ('ktyre5z@cbslocal.com', '5587150844', 216, 1);
insert into Contact (email, phone_number, uID, counter) values ('jtonepohl60@sitemeter.com', '1028505485', 217, 1);
insert into Contact (email, phone_number, uID, counter) values ('kmatushenko61@loc.gov', '6537825783', 218, 1);
insert into Contact (email, phone_number, uID, counter) values ('mdrew62@deliciousdays.com', '6873026610', 219, 1);
insert into Contact (email, phone_number, uID, counter) values ('charce63@whitehouse.gov', '8522952104', 220, 1);
insert into Contact (email, phone_number, uID, counter) values ('jfraine64@samsung.com', '3083650649', 221, 1);
insert into Contact (email, phone_number, uID, counter) values ('nnadin65@delicious.com', '1005905243', 222, 1);
insert into Contact (email, phone_number, uID, counter) values ('adeakins66@sakura.ne.jp', '4039267443', 223, 1);
insert into Contact (email, phone_number, uID, counter) values ('mrothert67@apache.org', '4582264277', 224, 1);
insert into Contact (email, phone_number, uID, counter) values ('tpinnigar68@oaic.gov.au', '8353471985', 225, 1);
insert into Contact (email, phone_number, uID, counter) values ('rworgan69@dropbox.com', '4976947629', 226, 1);
insert into Contact (email, phone_number, uID, counter) values ('aflorentine6a@cargocollective.com', '8531960807', 227, 1);
insert into Contact (email, phone_number, uID, counter) values ('mwhitlam6b@examiner.com', '9443054041', 228, 1);
insert into Contact (email, phone_number, uID, counter) values ('tsimmins6c@prlog.org', '5459354732', 229, 1);
insert into Contact (email, phone_number, uID, counter) values ('asponer6d@sourceforge.net', '4046307741', 230, 1);
insert into Contact (email, phone_number, uID, counter) values ('tseamarke6e@hao123.com', '7886235521', 231, 1);
insert into Contact (email, phone_number, uID, counter) values ('drobison6f@printfriendly.com', '3241400565', 232, 1);
insert into Contact (email, phone_number, uID, counter) values ('kmcmurty6g@instagram.com', '1559709713', 233, 1);
insert into Contact (email, phone_number, uID, counter) values ('gtongs6h@ovh.net', '6518496710', 234, 1);
insert into Contact (email, phone_number, uID, counter) values ('ecowgill6i@nsw.gov.au', '7431722489', 235, 1);
insert into Contact (email, phone_number, uID, counter) values ('ewyett6j@ihg.com', '5308052183', 236, 1);
insert into Contact (email, phone_number, uID, counter) values ('tlyttle6k@sohu.com', '7352516752', 237, 1);
insert into Contact (email, phone_number, uID, counter) values ('gkippax6l@toplist.cz', '3836793358', 238, 1);
insert into Contact (email, phone_number, uID, counter) values ('lmacnockater6m@discovery.com', '2267652593', 239, 1);
insert into Contact (email, phone_number, uID, counter) values ('mplinck6n@reverbnation.com', '6562815476', 240, 1);
insert into Contact (email, phone_number, uID, counter) values ('ebrassill6o@woothemes.com', '4335739651', 241, 1);
insert into Contact (email, phone_number, uID, counter) values ('hphilipart6p@sciencedaily.com', '6754808045', 242, 1);
insert into Contact (email, phone_number, uID, counter) values ('cdon6q@amazon.co.jp', '3714645996', 243, 1);
insert into Contact (email, phone_number, uID, counter) values ('arothert6r@histats.com', '5384213255', 244, 1);
insert into Contact (email, phone_number, uID, counter) values ('fshilton6s@ehow.com', '5733322711', 245, 1);
insert into Contact (email, phone_number, uID, counter) values ('eholbarrow6t@redcross.org', '6538682992', 246, 1);
insert into Contact (email, phone_number, uID, counter) values ('rlavis6u@dyndns.org', '1331024912', 247, 1);
insert into Contact (email, phone_number, uID, counter) values ('lbedrosian6v@google.pl', '7227257699', 248, 1);
insert into Contact (email, phone_number, uID, counter) values ('dgauden6w@answers.com', '2091917608', 249, 1);
insert into Contact (email, phone_number, uID, counter) values ('onealon6x@youtube.com', '3695933245', 250, 1);
insert into Contact (email, phone_number, uID, counter) values ('mstedman6y@geocities.com', '4221051134', 251, 1);
insert into Contact (email, phone_number, uID, counter) values ('nposer6z@deviantart.com', '5007160638', 252, 1);
insert into Contact (email, phone_number, uID, counter) values ('crowett70@chicagotribune.com', '9477951564', 253, 1);
insert into Contact (email, phone_number, uID, counter) values ('bmarlen71@smh.com.au', '4642983281', 254, 1);
insert into Contact (email, phone_number, uID, counter) values ('dburwin72@lycos.com', '4215262448', 255, 1);
insert into Contact (email, phone_number, uID, counter) values ('qfarnes73@wikia.com', '1755410883', 256, 1);
insert into Contact (email, phone_number, uID, counter) values ('zrollett74@trellian.com', '4594002217', 257, 1);
insert into Contact (email, phone_number, uID, counter) values ('bhuebner75@redcross.org', '3207515672', 258, 1);
insert into Contact (email, phone_number, uID, counter) values ('deastment76@fda.gov', '9168920478', 259, 1);
insert into Contact (email, phone_number, uID, counter) values ('jmatussow77@weather.com', '1597070681', 260, 1);
insert into Contact (email, phone_number, uID, counter) values ('csherringham78@cbsnews.com', '1969345661', 261, 1);
insert into Contact (email, phone_number, uID, counter) values ('lgrowy79@apple.com', '7144109718', 262, 1);
insert into Contact (email, phone_number, uID, counter) values ('tgrahlmans7a@google.nl', '5306266713', 263, 1);
insert into Contact (email, phone_number, uID, counter) values ('ekelberman7b@nsw.gov.au', '3229222701', 264, 1);
insert into Contact (email, phone_number, uID, counter) values ('lshilstone7c@washington.edu', '3308490165', 265, 1);
insert into Contact (email, phone_number, uID, counter) values ('cnoden7d@sfgate.com', '4677117206', 266, 1);
insert into Contact (email, phone_number, uID, counter) values ('mcrutcher7e@sciencedirect.com', '9476919959', 267, 1);
insert into Contact (email, phone_number, uID, counter) values ('jlefever7f@trellian.com', '3292946617', 268, 1);
insert into Contact (email, phone_number, uID, counter) values ('cugolini7g@princeton.edu', '5798742562', 269, 1);
insert into Contact (email, phone_number, uID, counter) values ('wsigart7h@theatlantic.com', '5566770512', 270, 1);
insert into Contact (email, phone_number, uID, counter) values ('jbrood7i@csmonitor.com', '8655662564', 271, 1);
insert into Contact (email, phone_number, uID, counter) values ('lpergens7j@omniture.com', '3535450717', 272, 1);
insert into Contact (email, phone_number, uID, counter) values ('candreas7k@cdc.gov', '7317192454', 273, 1);
insert into Contact (email, phone_number, uID, counter) values ('fvedyasov7l@g.co', '4897022949', 274, 1);
insert into Contact (email, phone_number, uID, counter) values ('fbiggadyke7m@ucla.edu', '5825215740', 275, 1);
insert into Contact (email, phone_number, uID, counter) values ('ldemaine7n@aboutads.info', '2082716124', 276, 1);
insert into Contact (email, phone_number, uID, counter) values ('fphilcock7o@wufoo.com', '5939804114', 277, 1);
insert into Contact (email, phone_number, uID, counter) values ('kewence7p@e-recht24.de', '7245207589', 278, 1);
insert into Contact (email, phone_number, uID, counter) values ('pswatten7q@timesonline.co.uk', '1102478443', 279, 1);
insert into Contact (email, phone_number, uID, counter) values ('galhirsi7r@sakura.ne.jp', '5561506198', 280, 1);
insert into Contact (email, phone_number, uID, counter) values ('edunbavin7s@bandcamp.com', '2943743785', 281, 1);
insert into Contact (email, phone_number, uID, counter) values ('dfoote7t@bbc.co.uk', '4997359228', 282, 1);
insert into Contact (email, phone_number, uID, counter) values ('hdonaway7u@fda.gov', '7824116400', 283, 1);
insert into Contact (email, phone_number, uID, counter) values ('ncleef7v@mediafire.com', '5457738420', 284, 1);
insert into Contact (email, phone_number, uID, counter) values ('barkle7w@unblog.fr', '6153991780', 285, 1);
insert into Contact (email, phone_number, uID, counter) values ('emacias7x@elegantthemes.com', '8867511032', 286, 1);
insert into Contact (email, phone_number, uID, counter) values ('hchivers7y@usgs.gov', '6354261173', 287, 1);
insert into Contact (email, phone_number, uID, counter) values ('kjacqueme7z@dailymail.co.uk', '7606794260', 288, 1);
insert into Contact (email, phone_number, uID, counter) values ('bstolberg80@tumblr.com', '5794700014', 289, 1);
insert into Contact (email, phone_number, uID, counter) values ('hgoodbanne81@oracle.com', '4392561018', 290, 1);
insert into Contact (email, phone_number, uID, counter) values ('rcollelton82@discovery.com', '2341452899', 291, 1);
insert into Contact (email, phone_number, uID, counter) values ('csudy83@whitehouse.gov', '6468621445', 292, 1);
insert into Contact (email, phone_number, uID, counter) values ('gellerington84@examiner.com', '3187258711', 293, 1);
insert into Contact (email, phone_number, uID, counter) values ('icarrol85@theguardian.com', '6079428028', 294, 1);
insert into Contact (email, phone_number, uID, counter) values ('gcosslett86@hostgator.com', '8637875264', 295, 1);
insert into Contact (email, phone_number, uID, counter) values ('lvandenoord87@istockphoto.com', '2145097117', 296, 1);
insert into Contact (email, phone_number, uID, counter) values ('drosenbloom88@feedburner.com', '9639228985', 297, 1);
insert into Contact (email, phone_number, uID, counter) values ('lbaddeley89@w3.org', '4575685458', 298, 1);
insert into Contact (email, phone_number, uID, counter) values ('tgianullo8a@google.com.br', '2717257035', 299, 1);
insert into Contact (email, phone_number, uID, counter) values ('mkesby8b@nydailynews.com', '4706967269', 300, 1);
insert into Contact (email, phone_number, uID, counter) values ('bbendelow8c@cocolog-nifty.com', '1744707797', 301, 1);
insert into Contact (email, phone_number, uID, counter) values ('clinnell8d@adobe.com', '4219423135', 302, 1);
insert into Contact (email, phone_number, uID, counter) values ('edeguise8e@hubpages.com', '4622357825', 303, 1);
insert into Contact (email, phone_number, uID, counter) values ('drodenburg8f@ezinearticles.com', '5266341126', 304, 1);
insert into Contact (email, phone_number, uID, counter) values ('alehrmann8g@intel.com', '2131067206', 305, 1);
insert into Contact (email, phone_number, uID, counter) values ('gquant8h@usnews.com', '6366499662', 306, 1);
insert into Contact (email, phone_number, uID, counter) values ('mlonsdale8i@salon.com', '8674895772', 307, 1);
insert into Contact (email, phone_number, uID, counter) values ('sstollen8j@hp.com', '2412900470', 308, 1);
insert into Contact (email, phone_number, uID, counter) values ('cbonsall8k@deviantart.com', '8619233434', 309, 1);
insert into Contact (email, phone_number, uID, counter) values ('cruller8l@clickbank.net', '9413576569', 310, 1);
insert into Contact (email, phone_number, uID, counter) values ('gferrero8m@blogs.com', '3771622159', 311, 1);
insert into Contact (email, phone_number, uID, counter) values ('dglynn8n@army.mil', '3472347445', 312, 1);
insert into Contact (email, phone_number, uID, counter) values ('tgemson8o@yandex.ru', '2879969974', 313, 1);
insert into Contact (email, phone_number, uID, counter) values ('lbawles8p@techcrunch.com', '3462784741', 314, 1);
insert into Contact (email, phone_number, uID, counter) values ('nhopewell8q@bing.com', '3059975675', 315, 1);
insert into Contact (email, phone_number, uID, counter) values ('asnawdon8r@rambler.ru', '5615117455', 316, 1);
insert into Contact (email, phone_number, uID, counter) values ('gjuarez8s@drupal.org', '6607085402', 317, 1);
insert into Contact (email, phone_number, uID, counter) values ('lhumburton8t@vkontakte.ru', '7048666617', 318, 1);
insert into Contact (email, phone_number, uID, counter) values ('gollenbuttel8u@elpais.com', '5388472561', 319, 1);
insert into Contact (email, phone_number, uID, counter) values ('msummerscales8v@slate.com', '3393769754', 320, 1);
insert into Contact (email, phone_number, uID, counter) values ('kfourcade8w@usatoday.com', '7119179781', 321, 1);
insert into Contact (email, phone_number, uID, counter) values ('zgillyatt8x@bing.com', '2829119895', 322, 1);
insert into Contact (email, phone_number, uID, counter) values ('asambidge8y@g.co', '7597637470', 323, 1);
insert into Contact (email, phone_number, uID, counter) values ('cingleston8z@technorati.com', '1977504290', 324, 1);
insert into Contact (email, phone_number, uID, counter) values ('gpikett90@sphinn.com', '8706213437', 325, 1);
insert into Contact (email, phone_number, uID, counter) values ('jhubble91@webeden.co.uk', '7045680257', 326, 1);
insert into Contact (email, phone_number, uID, counter) values ('aharbinson92@i2i.jp', '7596778190', 327, 1);
insert into Contact (email, phone_number, uID, counter) values ('gshafto93@tmall.com', '9076310904', 328, 1);
insert into Contact (email, phone_number, uID, counter) values ('slieber94@utexas.edu', '6093507918', 329, 1);
insert into Contact (email, phone_number, uID, counter) values ('acoveney95@goo.ne.jp', '2606635758', 330, 1);
insert into Contact (email, phone_number, uID, counter) values ('schaloner96@bluehost.com', '9517067704', 331, 1);
insert into Contact (email, phone_number, uID, counter) values ('gsteljes97@wikipedia.org', '7387998705', 332, 1);
insert into Contact (email, phone_number, uID, counter) values ('celener98@constantcontact.com', '7417330510', 333, 1);
insert into Contact (email, phone_number, uID, counter) values ('civannikov99@unblog.fr', '3297624218', 334, 1);
insert into Contact (email, phone_number, uID, counter) values ('gcarlino9a@bloglovin.com', '2359496959', 335, 1);
insert into Contact (email, phone_number, uID, counter) values ('mdutton9b@google.com.au', '7222661835', 336, 1);
insert into Contact (email, phone_number, uID, counter) values ('bprestage9c@blogspot.com', '9945624010', 337, 1);
insert into Contact (email, phone_number, uID, counter) values ('teamer9d@4shared.com', '1546258056', 338, 1);
insert into Contact (email, phone_number, uID, counter) values ('gpopplewell9e@tinyurl.com', '6497235675', 339, 1);
insert into Contact (email, phone_number, uID, counter) values ('church9f@tinyurl.com', '9939868158', 340, 1);
insert into Contact (email, phone_number, uID, counter) values ('mlittle9g@paginegialle.it', '1521505420', 341, 1);
insert into Contact (email, phone_number, uID, counter) values ('vkaiser9h@smh.com.au', '2816306559', 342, 1);
insert into Contact (email, phone_number, uID, counter) values ('umargiotta9i@cbsnews.com', '2117658595', 343, 1);
insert into Contact (email, phone_number, uID, counter) values ('cwalthew9j@stanford.edu', '6721399725', 344, 1);
insert into Contact (email, phone_number, uID, counter) values ('cschoolcroft9k@weebly.com', '3355928365', 345, 1);
insert into Contact (email, phone_number, uID, counter) values ('mattestone9l@time.com', '5118499069', 346, 1);
insert into Contact (email, phone_number, uID, counter) values ('wmurra9m@quantcast.com', '6036556687', 347, 1);
insert into Contact (email, phone_number, uID, counter) values ('tvardon9n@hostgator.com', '6561030117', 348, 1);
insert into Contact (email, phone_number, uID, counter) values ('gdumberrill9o@cargocollective.com', '8232356933', 349, 1);
insert into Contact (email, phone_number, uID, counter) values ('rbrim9p@google.cn', '7042016690', 350, 1);
insert into Contact (email, phone_number, uID, counter) values ('mpesak9q@simplemachines.org', '6371272681', 351, 1);
insert into Contact (email, phone_number, uID, counter) values ('sastupenas9r@oracle.com', '6655520031', 352, 1);
insert into Contact (email, phone_number, uID, counter) values ('lpeasey9s@mail.ru', '5245489674', 353, 1);
insert into Contact (email, phone_number, uID, counter) values ('aalabaster9t@mapquest.com', '1972421578', 354, 1);
insert into Contact (email, phone_number, uID, counter) values ('pronchetti9u@japanpost.jp', '6711093176', 355, 1);
insert into Contact (email, phone_number, uID, counter) values ('fmerali9v@posterous.com', '3409437206', 356, 1);
insert into Contact (email, phone_number, uID, counter) values ('cgeist9w@paginegialle.it', '5884849766', 357, 1);
insert into Contact (email, phone_number, uID, counter) values ('gulyatt9x@chicagotribune.com', '4398827365', 358, 1);
insert into Contact (email, phone_number, uID, counter) values ('emccombe9y@netlog.com', '2097027924', 359, 1);
insert into Contact (email, phone_number, uID, counter) values ('dlanmeid9z@weebly.com', '1168896224', 360, 1);
insert into Contact (email, phone_number, uID, counter) values ('vheisa0@eepurl.com', '8307163145', 361, 1);
insert into Contact (email, phone_number, uID, counter) values ('dkyberda1@phoca.cz', '5437267132', 362, 1);
insert into Contact (email, phone_number, uID, counter) values ('iivanilova2@adobe.com', '1229469693', 363, 1);
insert into Contact (email, phone_number, uID, counter) values ('gbuckmastera3@cbsnews.com', '6535581514', 364, 1);
insert into Contact (email, phone_number, uID, counter) values ('odawberya4@opera.com', '3189690272', 365, 1);
insert into Contact (email, phone_number, uID, counter) values ('sbickerstaffea5@psu.edu', '5316631639', 366, 1);
insert into Contact (email, phone_number, uID, counter) values ('tpurvera6@forbes.com', '1368866712', 367, 1);
insert into Contact (email, phone_number, uID, counter) values ('smumbersona7@typepad.com', '3886260827', 368, 1);
insert into Contact (email, phone_number, uID, counter) values ('deshelbya8@flavors.me', '9813743642', 369, 1);
insert into Contact (email, phone_number, uID, counter) values ('cgallandersa9@howstuffworks.com', '4957262114', 370, 1);
insert into Contact (email, phone_number, uID, counter) values ('esieghartaa@godaddy.com', '6293783409', 371, 1);
insert into Contact (email, phone_number, uID, counter) values ('hwayonab@wikia.com', '8425202361', 372, 1);
insert into Contact (email, phone_number, uID, counter) values ('eharrodac@fc2.com', '9925948424', 373, 1);
insert into Contact (email, phone_number, uID, counter) values ('vcaterad@sourceforge.net', '4969871278', 374, 1);
insert into Contact (email, phone_number, uID, counter) values ('lwhitrodae@weather.com', '3322784628', 375, 1);
insert into Contact (email, phone_number, uID, counter) values ('gkumaraf@bbb.org', '8293784120', 376, 1);
insert into Contact (email, phone_number, uID, counter) values ('scornsag@ftc.gov', '4287145378', 377, 1);
insert into Contact (email, phone_number, uID, counter) values ('rdumbartonah@dion.ne.jp', '2264805538', 378, 1);
insert into Contact (email, phone_number, uID, counter) values ('hnewcombai@miitbeian.gov.cn', '5619116111', 379, 1);
insert into Contact (email, phone_number, uID, counter) values ('aotoweyaj@parallels.com', '3537970625', 380, 1);
insert into Contact (email, phone_number, uID, counter) values ('rnorvilleak@yelp.com', '7959721589', 381, 1);
insert into Contact (email, phone_number, uID, counter) values ('lbealeal@clickbank.net', '9235827004', 382, 1);
insert into Contact (email, phone_number, uID, counter) values ('cmaffeyam@indiatimes.com', '8164986172', 383, 1);
insert into Contact (email, phone_number, uID, counter) values ('ccesconan@state.gov', '5334999955', 384, 1);
insert into Contact (email, phone_number, uID, counter) values ('iangusao@51.la', '7864335636', 385, 1);
insert into Contact (email, phone_number, uID, counter) values ('imcbratneyap@theglobeandmail.com', '8275853249', 386, 1);
insert into Contact (email, phone_number, uID, counter) values ('dfullaq@dropbox.com', '6287742792', 387, 1);
insert into Contact (email, phone_number, uID, counter) values ('ecaspellar@answers.com', '4667041332', 388, 1);
insert into Contact (email, phone_number, uID, counter) values ('rburmasteras@amazon.de', '7257458399', 389, 1);
insert into Contact (email, phone_number, uID, counter) values ('rfarrowat@go.com', '4976466144', 390, 1);
insert into Contact (email, phone_number, uID, counter) values ('dwynterau@google.com.hk', '5412971461', 391, 1);
insert into Contact (email, phone_number, uID, counter) values ('rcottieav@vkontakte.ru', '7485985564', 392, 1);
insert into Contact (email, phone_number, uID, counter) values ('ayaldenaw@craigslist.org', '6456421820', 393, 1);
insert into Contact (email, phone_number, uID, counter) values ('kfyfieldax@chronoengine.com', '5443386978', 394, 1);
insert into Contact (email, phone_number, uID, counter) values ('zmcramseyay@addthis.com', '5568237082', 395, 1);
insert into Contact (email, phone_number, uID, counter) values ('rcowernaz@home.pl', '1005389111', 396, 1);
insert into Contact (email, phone_number, uID, counter) values ('gmellingb0@bravesites.com', '1947381411', 397, 1);
insert into Contact (email, phone_number, uID, counter) values ('sbudnkb1@quantcast.com', '3325887409', 398, 1);
insert into Contact (email, phone_number, uID, counter) values ('bbertieb2@yellowpages.com', '8602882122', 399, 1);
insert into Contact (email, phone_number, uID, counter) values ('bheiningb3@independent.co.uk', '4574314695', 400, 1);
insert into Contact (email, phone_number, uID, counter) values ('agarfirthb4@flickr.com', '1731270233', 401, 1);
insert into Contact (email, phone_number, uID, counter) values ('kmcleoidb5@zdnet.com', '5664762764', 402, 1);
insert into Contact (email, phone_number, uID, counter) values ('lduggenb6@usda.gov', '6626939098', 403, 1);
insert into Contact (email, phone_number, uID, counter) values ('mhymusb7@aboutads.info', '1396365832', 404, 1);
insert into Contact (email, phone_number, uID, counter) values ('astockportb8@bbb.org', '3307711566', 405, 1);
insert into Contact (email, phone_number, uID, counter) values ('tarnholtzb9@github.io', '1313139980', 406, 1);
insert into Contact (email, phone_number, uID, counter) values ('fbutcherba@loc.gov', '1059037963', 407, 1);
insert into Contact (email, phone_number, uID, counter) values ('csurgenorbb@sbwire.com', '5031722579', 408, 1);
insert into Contact (email, phone_number, uID, counter) values ('cchelleybc@taobao.com', '3619523751', 409, 1);
insert into Contact (email, phone_number, uID, counter) values ('pjossbd@tinypic.com', '7779415121', 410, 1);
insert into Contact (email, phone_number, uID, counter) values ('afesbybe@mapquest.com', '9504640809', 411, 1);
insert into Contact (email, phone_number, uID, counter) values ('roshevlanbf@oaic.gov.au', '5453600109', 412, 1);
insert into Contact (email, phone_number, uID, counter) values ('lbuttelbg@devhub.com', '7821299794', 413, 1);
insert into Contact (email, phone_number, uID, counter) values ('onowaczykbh@wikimedia.org', '6155441674', 414, 1);
insert into Contact (email, phone_number, uID, counter) values ('gtrasebi@usatoday.com', '6841795157', 415, 1);
insert into Contact (email, phone_number, uID, counter) values ('rperhambj@domainmarket.com', '5709495546', 416, 1);
insert into Contact (email, phone_number, uID, counter) values ('rlivezleybk@opensource.org', '9906788031', 417, 1);
insert into Contact (email, phone_number, uID, counter) values ('yabrashkinbl@w3.org', '5518257698', 418, 1);
insert into Contact (email, phone_number, uID, counter) values ('wreditbm@jalbum.net', '6338095960', 419, 1);
insert into Contact (email, phone_number, uID, counter) values ('owalkeybn@simplemachines.org', '9438967853', 420, 1);
insert into Contact (email, phone_number, uID, counter) values ('urhucroftbo@amazon.com', '5214771408', 421, 1);
insert into Contact (email, phone_number, uID, counter) values ('ghexambp@sohu.com', '2104538215', 422, 1);
insert into Contact (email, phone_number, uID, counter) values ('tbogartbq@wired.com', '1591777672', 423, 1);
insert into Contact (email, phone_number, uID, counter) values ('lroffbr@nbcnews.com', '1738637608', 424, 1);
insert into Contact (email, phone_number, uID, counter) values ('veblebs@cloudflare.com', '7991084256', 425, 1);
insert into Contact (email, phone_number, uID, counter) values ('hbolesbt@dot.gov', '1102609016', 426, 1);
insert into Contact (email, phone_number, uID, counter) values ('dsnoxallbu@theguardian.com', '4622312051', 427, 1);
insert into Contact (email, phone_number, uID, counter) values ('kkeldbv@accuweather.com', '2777025505', 428, 1);
insert into Contact (email, phone_number, uID, counter) values ('rallderidgebw@indiatimes.com', '7594802426', 429, 1);
insert into Contact (email, phone_number, uID, counter) values ('tfrickbx@jiathis.com', '3155532072', 430, 1);
insert into Contact (email, phone_number, uID, counter) values ('bdudeneyby@gmpg.org', '1154331816', 431, 1);
insert into Contact (email, phone_number, uID, counter) values ('kquinevanbz@wordpress.org', '2033644830', 432, 1);
insert into Contact (email, phone_number, uID, counter) values ('sfulleylovec0@etsy.com', '3544400623', 433, 1);
insert into Contact (email, phone_number, uID, counter) values ('agolledgec1@reverbnation.com', '2338448934', 434, 1);
insert into Contact (email, phone_number, uID, counter) values ('spreistc2@indiegogo.com', '8066876429', 435, 1);
insert into Contact (email, phone_number, uID, counter) values ('iquinetc3@icio.us', '3031271634', 436, 1);
insert into Contact (email, phone_number, uID, counter) values ('fbernadotc4@geocities.com', '1327210819', 437, 1);
insert into Contact (email, phone_number, uID, counter) values ('gbourgesc5@state.tx.us', '9052829325', 438, 1);
insert into Contact (email, phone_number, uID, counter) values ('ftustinc6@yahoo.com', '2172747395', 439, 1);
insert into Contact (email, phone_number, uID, counter) values ('pswatradgec7@newyorker.com', '5573796570', 440, 1);
insert into Contact (email, phone_number, uID, counter) values ('ybaynesc8@mit.edu', '4899109585', 441, 1);
insert into Contact (email, phone_number, uID, counter) values ('cpetronisc9@miitbeian.gov.cn', '8483911983', 442, 1);
insert into Contact (email, phone_number, uID, counter) values ('bpayzeca@xing.com', '4259974048', 443, 1);
insert into Contact (email, phone_number, uID, counter) values ('cpauleycb@discovery.com', '1602396898', 444, 1);
insert into Contact (email, phone_number, uID, counter) values ('bodarecc@yale.edu', '2715932435', 445, 1);
insert into Contact (email, phone_number, uID, counter) values ('thadcockcd@creativecommons.org', '7625682203', 446, 1);
insert into Contact (email, phone_number, uID, counter) values ('ggebhardce@livejournal.com', '1525943259', 447, 1);
insert into Contact (email, phone_number, uID, counter) values ('ghenrietcf@microsoft.com', '4427643876', 448, 1);
insert into Contact (email, phone_number, uID, counter) values ('cparrishcg@gizmodo.com', '2628449005', 449, 1);
insert into Contact (email, phone_number, uID, counter) values ('dousbiech@comsenz.com', '7897093669', 450, 1);
insert into Contact (email, phone_number, uID, counter) values ('mhuntallci@shinystat.com', '5537832973', 451, 1);
insert into Contact (email, phone_number, uID, counter) values ('iabbotscj@smugmug.com', '8703497092', 452, 1);
insert into Contact (email, phone_number, uID, counter) values ('wallawyck@telegraph.co.uk', '4312804848', 453, 1);
insert into Contact (email, phone_number, uID, counter) values ('opeerscl@scribd.com', '3443441955', 454, 1);
insert into Contact (email, phone_number, uID, counter) values ('alochecm@economist.com', '5505120669', 455, 1);
insert into Contact (email, phone_number, uID, counter) values ('cweycn@blog.com', '8706396251', 456, 1);
insert into Contact (email, phone_number, uID, counter) values ('kguittco@pen.io', '4654921810', 457, 1);
insert into Contact (email, phone_number, uID, counter) values ('mmyderscoughcp@xing.com', '3381597321', 458, 1);
insert into Contact (email, phone_number, uID, counter) values ('krougiercq@newyorker.com', '8997819306', 459, 1);
insert into Contact (email, phone_number, uID, counter) values ('wmattockcr@reverbnation.com', '8506453549', 460, 1);
insert into Contact (email, phone_number, uID, counter) values ('eesmondecs@google.nl', '9855940037', 461, 1);
insert into Contact (email, phone_number, uID, counter) values ('cmitchallct@so-net.ne.jp', '2716984352', 462, 1);
insert into Contact (email, phone_number, uID, counter) values ('holyhanecu@nasa.gov', '2758545230', 463, 1);
insert into Contact (email, phone_number, uID, counter) values ('tlarchercv@tumblr.com', '8223525472', 464, 1);
insert into Contact (email, phone_number, uID, counter) values ('wcloakecw@over-blog.com', '4957139825', 465, 1);
insert into Contact (email, phone_number, uID, counter) values ('pphizackleacx@mozilla.com', '5234542107', 466, 1);
insert into Contact (email, phone_number, uID, counter) values ('kconeybearecy@abc.net.au', '9076754014', 467, 1);
insert into Contact (email, phone_number, uID, counter) values ('pjandakcz@wisc.edu', '4092591825', 468, 1);
insert into Contact (email, phone_number, uID, counter) values ('fbrosnand0@is.gd', '1709851303', 469, 1);
insert into Contact (email, phone_number, uID, counter) values ('mteesdaled1@etsy.com', '5081327000', 470, 1);
insert into Contact (email, phone_number, uID, counter) values ('wmerkeld2@posterous.com', '8576259047', 471, 1);
insert into Contact (email, phone_number, uID, counter) values ('vskillettd3@bandcamp.com', '1194651936', 472, 1);
insert into Contact (email, phone_number, uID, counter) values ('eaffrond4@google.ru', '1027850556', 473, 1);
insert into Contact (email, phone_number, uID, counter) values ('pbofieldd5@nba.com', '8318259795', 474, 1);
insert into Contact (email, phone_number, uID, counter) values ('candricd6@sourceforge.net', '9543463216', 475, 1);
insert into Contact (email, phone_number, uID, counter) values ('anewcomend7@theglobeandmail.com', '4734640068', 476, 1);
insert into Contact (email, phone_number, uID, counter) values ('dprierd8@g.co', '2656158717', 477, 1);
insert into Contact (email, phone_number, uID, counter) values ('mtailbyd9@blinklist.com', '5961157524', 478, 1);
insert into Contact (email, phone_number, uID, counter) values ('mabbittda@goo.ne.jp', '6952507545', 479, 1);
insert into Contact (email, phone_number, uID, counter) values ('dpepyedb@sun.com', '8821943642', 480, 1);
insert into Contact (email, phone_number, uID, counter) values ('bsandarsdc@vimeo.com', '4171329122', 481, 1);
insert into Contact (email, phone_number, uID, counter) values ('mabbeydd@google.co.uk', '2007736165', 482, 1);
insert into Contact (email, phone_number, uID, counter) values ('gtucknottde@jalbum.net', '6957135601', 483, 1);
insert into Contact (email, phone_number, uID, counter) values ('wleghorndf@gnu.org', '1894975425', 484, 1);
insert into Contact (email, phone_number, uID, counter) values ('fcolyerdg@ucsd.edu', '4826057718', 485, 1);
insert into Contact (email, phone_number, uID, counter) values ('pborreldh@plala.or.jp', '6845378508', 486, 1);
insert into Contact (email, phone_number, uID, counter) values ('vshetliffdi@oaic.gov.au', '1408357914', 487, 1);
insert into Contact (email, phone_number, uID, counter) values ('agoodbodydj@wp.com', '2226880708', 488, 1);
insert into Contact (email, phone_number, uID, counter) values ('aquinnelldk@trellian.com', '5931904306', 489, 1);
insert into Contact (email, phone_number, uID, counter) values ('vtaylderdl@usnews.com', '4472570616', 490, 1);
insert into Contact (email, phone_number, uID, counter) values ('nfortmandm@aboutads.info', '5234352167', 491, 1);
insert into Contact (email, phone_number, uID, counter) values ('ikaydn@blogtalkradio.com', '3751255115', 492, 1);
insert into Contact (email, phone_number, uID, counter) values ('sdwelleydo@marriott.com', '5485486555', 493, 1);
insert into Contact (email, phone_number, uID, counter) values ('mivanichevdp@shop-pro.jp', '6669984946', 494, 1);
insert into Contact (email, phone_number, uID, counter) values ('clippdq@examiner.com', '3173075023', 495, 1);
insert into Contact (email, phone_number, uID, counter) values ('lthorbydr@blogspot.com', '7597773733', 496, 1);
insert into Contact (email, phone_number, uID, counter) values ('cdancerds@java.com', '9696025781', 497, 1);
insert into Contact (email, phone_number, uID, counter) values ('dmolfinodt@nydailynews.com', '1352744583', 498, 1);
insert into Contact (email, phone_number, uID, counter) values ('cwroutdu@ocn.ne.jp', '8517435093', 499, 1);
insert into Contact (email, phone_number, uID, counter) values ('dgravettdv@taobao.com', '6438986604', 500, 1);

------------------- END OF CONTACT INSERTIONS-----------------------------

------------------- BEGINNING OF CITY INSERTIONS--------------------------
--insert into City

insert into CITY (name, state) values ('Seattle', 'Washington');
insert into CITY (name, state) values ('Bellevue', 'Washington');
insert into CITY (name, state) values ('Lynnwood', 'Washington');
insert into CITY (name, state) values ('Los Angeles', 'California');
insert into CITY (name, state) values ('San Francisco', 'California');
------------------- END OF RESTAURANT INSERTIONS--------------------------


------------------- BEGINNING OF REVIEW INSERTIONS------------------------
--Dates follow 'YYYY-MM-DD' format
insert into REVIEW (rating, uID, rID, review_day, message) values (1, 361, 88, '2016-05-25 20:10:21', 'Horrible');
insert into REVIEW (rating, uID, rID, review_day, message) values (3, 31, 27, '2017-03-28 05:52:33', 'Horrible');
insert into REVIEW (rating, uID, rID, review_day, message) values (5, 122, 71, '2017-09-11 14:27:19', 'Delicious');
insert into REVIEW (rating, uID, rID, review_day, message) values (2, 161, 78, '2018-09-27 14:44:14', 'Delicious');
insert into REVIEW (rating, uID, rID, review_day, message) values (3, 189, 91, '2018-08-14 06:12:13', 'Amazing');
insert into REVIEW (rating, uID, rID, review_day, message) values (1, 44, 27, '2016-04-22 23:21:38', 'Delicious');
insert into REVIEW (rating, uID, rID, review_day, message) values (5, 74, 34, '2016-05-25 11:59:48', 'Amazing');
insert into REVIEW (rating, uID, rID, review_day, message) values (1, 353, 22, '2016-04-23 12:45:28', 'Horrible');
insert into REVIEW (rating, uID, rID, review_day, message) values (3, 475, 30, '2019-01-06 12:21:16', 'Delicious');
insert into REVIEW (rating, uID, rID, review_day, message) values (3, 92, 100, '2016-07-19 09:26:24', 'Delicious');
insert into REVIEW (rating, uID, rID, review_day, message) values (4, 213, 56, '2016-07-04 16:51:37', 'Dry');
insert into REVIEW (rating, uID, rID, review_day, message) values (5, 83, 10, '2018-06-17 22:40:52', 'Dry');
insert into REVIEW (rating, uID, rID, review_day, message) values (5, 246, 44, '2018-11-25 11:16:32', 'Dry');
insert into REVIEW (rating, uID, rID, review_day, message) values (3, 110, 90, '2017-10-13 07:46:28', 'Amazing');
insert into REVIEW (rating, uID, rID, review_day, message) values (2, 392, 30, '2016-11-29 01:35:47', 'Horrible');
insert into REVIEW (rating, uID, rID, review_day, message) values (1, 428, 32, '2018-05-18 10:36:49', 'Horrible');
insert into REVIEW (rating, uID, rID, review_day, message) values (1, 4, 43, '2016-07-17 03:11:37', 'Delicious');
insert into REVIEW (rating, uID, rID, review_day, message) values (5, 477, 44, '2017-11-20 02:28:30', 'Horrible');
insert into REVIEW (rating, uID, rID, review_day, message) values (5, 275, 18, '2018-09-21 02:08:57', 'Dry');
insert into REVIEW (rating, uID, rID, review_day, message) values (3, 45, 38, '2016-11-04 23:48:48', 'Amazing');
insert into REVIEW (rating, uID, rID, review_day, message) values (5, 87, 61, '2017-04-10 17:41:39', 'Horrible');
insert into REVIEW (rating, uID, rID, review_day, message) values (4, 250, 25, '2016-03-27 06:16:26', 'Amazing');
insert into REVIEW (rating, uID, rID, review_day, message) values (3, 330, 95, '2017-11-12 16:07:09', 'Delicious');
insert into REVIEW (rating, uID, rID, review_day, message) values (1, 198, 38, '2019-02-24 06:51:38', 'Amazing');
insert into REVIEW (rating, uID, rID, review_day, message) values (4, 151, 6, '2018-10-09 20:22:34', 'Dry');
insert into REVIEW (rating, uID, rID, review_day, message) values (2, 305, 54, '2017-07-21 22:00:57', 'Horrible');
insert into REVIEW (rating, uID, rID, review_day, message) values (2, 143, 36, '2016-08-27 21:29:38', 'Dry');
insert into REVIEW (rating, uID, rID, review_day, message) values (2, 176, 38, '2017-02-12 04:44:25', 'Horrible');
insert into REVIEW (rating, uID, rID, review_day, message) values (1, 379, 49, '2016-09-09 08:46:34', 'Horrible');
insert into REVIEW (rating, uID, rID, review_day, message) values (4, 397, 51, '2019-01-10 23:13:01', 'Horrible');
insert into REVIEW (rating, uID, rID, review_day, message) values (3, 477, 25, '2018-03-24 01:53:14', 'Delicious');
insert into REVIEW (rating, uID, rID, review_day, message) values (1, 322, 54, '2016-03-21 16:37:44', 'Amazing');
insert into REVIEW (rating, uID, rID, review_day, message) values (5, 117, 50, '2016-10-06 17:44:04', 'Delicious');
insert into REVIEW (rating, uID, rID, review_day, message) values (5, 6, 78, '2018-07-22 04:44:58', 'Amazing');
insert into REVIEW (rating, uID, rID, review_day, message) values (3, 267, 51, '2017-10-05 17:24:14', 'Delicious');
insert into REVIEW (rating, uID, rID, review_day, message) values (2, 249, 16, '2016-03-05 15:20:05', 'Dry');
insert into REVIEW (rating, uID, rID, review_day, message) values (3, 87, 61, '2017-12-01 11:06:52', 'Amazing');
insert into REVIEW (rating, uID, rID, review_day, message) values (3, 437, 40, '2016-10-06 10:14:21', 'Horrible');
insert into REVIEW (rating, uID, rID, review_day, message) values (5, 207, 74, '2017-11-21 14:56:35', 'Horrible');
insert into REVIEW (rating, uID, rID, review_day, message) values (3, 173, 48, '2016-08-23 04:55:47', 'Delicious');
insert into REVIEW (rating, uID, rID, review_day, message) values (1, 255, 41, '2016-09-17 12:57:47', 'Horrible');
insert into REVIEW (rating, uID, rID, review_day, message) values (4, 205, 2, '2018-05-06 11:47:45', 'Horrible');
insert into REVIEW (rating, uID, rID, review_day, message) values (4, 208, 87, '2018-01-05 19:41:42', 'Dry');
insert into REVIEW (rating, uID, rID, review_day, message) values (1, 119, 14, '2017-10-30 21:20:51', 'Horrible');
insert into REVIEW (rating, uID, rID, review_day, message) values (1, 95, 33, '2016-10-07 04:13:05', 'Delicious');
insert into REVIEW (rating, uID, rID, review_day, message) values (4, 367, 76, '2017-07-21 15:35:37', 'Dry');
insert into REVIEW (rating, uID, rID, review_day, message) values (5, 378, 52, '2017-08-30 01:47:36', 'Delicious');
insert into REVIEW (rating, uID, rID, review_day, message) values (5, 349, 7, '2017-06-02 00:21:15', 'Delicious');
insert into REVIEW (rating, uID, rID, review_day, message) values (4, 114, 17, '2017-04-02 05:40:01', 'Delicious');
insert into REVIEW (rating, uID, rID, review_day, message) values (1, 415, 5, '2017-10-20 08:01:03', 'Dry');
insert into REVIEW (rating, uID, rID, review_day, message) values (3, 457, 65, '2019-02-10 00:49:41', 'Delicious');
insert into REVIEW (rating, uID, rID, review_day, message) values (4, 499, 31, '2016-11-21 20:27:20', 'Delicious');
insert into REVIEW (rating, uID, rID, review_day, message) values (4, 462, 12, '2016-12-27 21:00:38', 'Delicious');
insert into REVIEW (rating, uID, rID, review_day, message) values (2, 265, 55, '2018-01-29 19:48:21', 'Horrible');
insert into REVIEW (rating, uID, rID, review_day, message) values (1, 478, 22, '2018-02-18 00:06:08', 'Horrible');
insert into REVIEW (rating, uID, rID, review_day, message) values (5, 466, 56, '2017-11-29 17:44:23', 'Amazing');
insert into REVIEW (rating, uID, rID, review_day, message) values (2, 129, 4, '2016-02-09 02:13:05', 'Horrible');
insert into REVIEW (rating, uID, rID, review_day, message) values (4, 332, 53, '2017-12-12 07:29:02', 'Dry');
insert into REVIEW (rating, uID, rID, review_day, message) values (4, 112, 7, '2017-10-15 10:39:36', 'Dry');
insert into REVIEW (rating, uID, rID, review_day, message) values (5, 326, 85, '2018-10-24 13:38:02', 'Dry');
insert into REVIEW (rating, uID, rID, review_day, message) values (2, 38, 5, '2017-01-07 17:23:08', 'Delicious');
insert into REVIEW (rating, uID, rID, review_day, message) values (5, 150, 75, '2017-02-04 10:32:23', 'Horrible');
insert into REVIEW (rating, uID, rID, review_day, message) values (2, 242, 70, '2018-12-07 10:27:03', 'Amazing');
insert into REVIEW (rating, uID, rID, review_day, message) values (2, 74, 72, '2018-06-14 15:49:05', 'Amazing');
insert into REVIEW (rating, uID, rID, review_day, message) values (1, 289, 74, '2017-10-18 20:28:59', 'Dry');
insert into REVIEW (rating, uID, rID, review_day, message) values (3, 65, 97, '2017-03-24 06:09:12', 'Horrible');
insert into REVIEW (rating, uID, rID, review_day, message) values (4, 53, 85, '2019-02-17 12:09:32', 'Horrible');
insert into REVIEW (rating, uID, rID, review_day, message) values (3, 489, 11, '2016-06-20 17:48:14', 'Delicious');
insert into REVIEW (rating, uID, rID, review_day, message) values (3, 239, 90, '2018-08-11 15:36:00', 'Dry');
insert into REVIEW (rating, uID, rID, review_day, message) values (2, 317, 5, '2017-06-24 05:42:18', 'Horrible');
insert into REVIEW (rating, uID, rID, review_day, message) values (2, 20, 67, '2019-02-12 14:22:00', 'Amazing');
insert into REVIEW (rating, uID, rID, review_day, message) values (3, 338, 90, '2018-10-04 23:04:51', 'Delicious');
insert into REVIEW (rating, uID, rID, review_day, message) values (1, 380, 63, '2018-07-24 06:06:37', 'Dry');
insert into REVIEW (rating, uID, rID, review_day, message) values (5, 270, 30, '2017-11-11 14:14:25', 'Horrible');
insert into REVIEW (rating, uID, rID, review_day, message) values (2, 100, 22, '2017-09-04 18:25:23', 'Dry');
insert into REVIEW (rating, uID, rID, review_day, message) values (2, 161, 1, '2016-12-28 22:29:00', 'Dry');
insert into REVIEW (rating, uID, rID, review_day, message) values (1, 54, 77, '2017-07-02 21:38:31', 'Amazing');
insert into REVIEW (rating, uID, rID, review_day, message) values (5, 293, 73, '2016-06-10 07:01:42', 'Horrible');
insert into REVIEW (rating, uID, rID, review_day, message) values (3, 369, 42, '2016-11-19 14:32:24', 'Delicious');
insert into REVIEW (rating, uID, rID, review_day, message) values (4, 345, 34, '2018-10-29 11:05:06', 'Amazing');
insert into REVIEW (rating, uID, rID, review_day, message) values (2, 332, 99, '2017-06-04 00:53:03', 'Delicious');
insert into REVIEW (rating, uID, rID, review_day, message) values (2, 328, 95, '2016-07-26 04:53:55', 'Horrible');
insert into REVIEW (rating, uID, rID, review_day, message) values (5, 264, 80, '2017-04-24 22:31:21', 'Horrible');
insert into REVIEW (rating, uID, rID, review_day, message) values (3, 298, 32, '2016-10-06 12:14:42', 'Amazing');
insert into REVIEW (rating, uID, rID, review_day, message) values (4, 131, 92, '2018-08-29 22:00:12', 'Delicious');
insert into REVIEW (rating, uID, rID, review_day, message) values (1, 219, 60, '2018-12-25 23:10:42', 'Dry');
insert into REVIEW (rating, uID, rID, review_day, message) values (4, 432, 42, '2018-06-25 09:21:35', 'Dry');
insert into REVIEW (rating, uID, rID, review_day, message) values (2, 411, 66, '2018-06-21 09:25:50', 'Amazing');
insert into REVIEW (rating, uID, rID, review_day, message) values (2, 397, 86, '2018-12-21 15:26:56', 'Horrible');
insert into REVIEW (rating, uID, rID, review_day, message) values (1, 160, 58, '2016-10-28 10:46:43', 'Dry');
insert into REVIEW (rating, uID, rID, review_day, message) values (2, 211, 29, '2018-06-01 06:52:21', 'Horrible');
insert into REVIEW (rating, uID, rID, review_day, message) values (4, 382, 81, '2018-03-28 07:07:23', 'Amazing');
insert into REVIEW (rating, uID, rID, review_day, message) values (2, 311, 19, '2017-09-25 06:25:29', 'Amazing');
insert into REVIEW (rating, uID, rID, review_day, message) values (5, 361, 29, '2018-10-11 09:48:22', 'Delicious');
insert into REVIEW (rating, uID, rID, review_day, message) values (5, 319, 71, '2018-01-13 09:17:56', 'Dry');
insert into REVIEW (rating, uID, rID, review_day, message) values (3, 219, 100, '2016-09-30 05:13:18', 'Dry');
insert into REVIEW (rating, uID, rID, review_day, message) values (4, 157, 81, '2018-03-26 08:08:46', 'Dry');
insert into REVIEW (rating, uID, rID, review_day, message) values (1, 57, 32, '2018-07-12 23:59:38', 'Dry');
insert into REVIEW (rating, uID, rID, review_day, message) values (5, 313, 34, '2018-03-03 03:46:33', 'Dry');
insert into REVIEW (rating, uID, rID, review_day, message) values (3, 214, 47, '2016-09-28 09:13:36', 'Amazing');
------------------- END OF REVIEWS INSERTIONS-----------------------------

------------------- BEGINNING OF RESTAURANT INSERTIONS--------------------

insert into RESTAURANT (rID, address, rCity, cuisine, name) values (1, '3519 Gateway Center', 'Bellevue', 'Mexican', 'Lubowitz, Franecki and Little');
insert into RESTAURANT (rID, address, rCity, cuisine, name) values (2, '73 Marcy Drive', 'San Francisco', 'Mexican', 'Ullrich, Wintheiser and Gleason');
insert into RESTAURANT (rID, address, rCity, cuisine, name) values (3, '8 Florence Point', 'Los Angeles ', 'Mexican', 'Lang LLC');
insert into RESTAURANT (rID, address, rCity, cuisine, name) values (4, '771 Dayton Way', 'Bellevue', 'Mexican', 'Wolff, Gibson and Conroy');
insert into RESTAURANT (rID, address, rCity, cuisine, name) values (5, '7 Sloan Alley', 'San Francisco', 'Mexican', 'Gleason and Sons');
insert into RESTAURANT (rID, address, rCity, cuisine, name) values (6, '517 Southridge Trail', 'Lynnwood ', 'Mexican', 'Corwin Inc');
insert into RESTAURANT (rID, address, rCity, cuisine, name) values (7, '80263 Morning Parkway', 'Bellevue', 'Mexican', 'Baumbach-Keebler');
insert into RESTAURANT (rID, address, rCity, cuisine, name) values (8, '51 Barnett Junction', 'Seattle', 'Mexican', 'Hilll-Turner');
insert into RESTAURANT (rID, address, rCity, cuisine, name) values (9, '4872 Kipling Alley', 'Bellevue', 'Mexican', 'Wiegand and Sons');
insert into RESTAURANT (rID, address, rCity, cuisine, name) values (10, '2492 Elgar Pass', 'Seattle', 'Mexican', 'Senger, Bernier and McDermott');
insert into RESTAURANT (rID, address, rCity, cuisine, name) values (11, '40 Kings Hill', 'Los Angeles ', 'Mexican', 'Gaylord-Kunde');
insert into RESTAURANT (rID, address, rCity, cuisine, name) values (12, '754 Stang Drive', 'Seattle', 'Mexican', 'Kihn, Kerluke and Kling');
insert into RESTAURANT (rID, address, rCity, cuisine, name) values (13, '2 Northland Circle', 'Bellevue', 'Mexican', 'Ankunding, Romaguera and Schneider');
insert into RESTAURANT (rID, address, rCity, cuisine, name) values (14, '7051 Shasta Terrace', 'San Francisco', 'Mexican', 'Klein, Cole and Kiehn');
insert into RESTAURANT (rID, address, rCity, cuisine, name) values (15, '4481 Utah Place', 'Los Angeles ', 'Mexican', 'Doyle LLC');
insert into RESTAURANT (rID, address, rCity, cuisine, name) values (16, '5 Spaight Parkway', 'Seattle', 'Mexican', 'Kiehn, Bauch and Osinski');
insert into RESTAURANT (rID, address, rCity, cuisine, name) values (17, '96 Lake View Avenue', 'Bellevue', 'Mexican', 'Streich Inc');
insert into RESTAURANT (rID, address, rCity, cuisine, name) values (18, '3 Toban Drive', 'San Francisco', 'Mexican', 'Fahey-Schuppe');
insert into RESTAURANT (rID, address, rCity, cuisine, name) values (19, '6 Green Ridge Plaza', 'Los Angeles ', 'Mexican', 'Spencer and Sons');
insert into RESTAURANT (rID, address, rCity, cuisine, name) values (20, '59 Magdeline Parkway', 'Los Angeles ', 'Mexican', 'Pagac, Conroy and Schmidt');
insert into RESTAURANT (rID, address, rCity, cuisine, name) values (21, '39838 Ludington Plaza', 'Los Angeles ', 'Mexican', 'Gleichner-Ziemann');
insert into RESTAURANT (rID, address, rCity, cuisine, name) values (22, '32 Washington Way', 'Los Angeles ', 'Mexican', 'Goldner and Sons');
insert into RESTAURANT (rID, address, rCity, cuisine, name) values (23, '15631 Manley Plaza', 'Seattle', 'Mexican', 'Gleason-Schiller');
insert into RESTAURANT (rID, address, rCity, cuisine, name) values (24, '0038 Debra Place', 'Los Angeles ', 'Mexican', 'Hoeger, Ziemann and Hettinger');
insert into RESTAURANT (rID, address, rCity, cuisine, name) values (25, '76658 Ronald Regan Crossing', 'Los Angeles ', 'Mexican', 'Fadel, Abshire and Borer');
insert into RESTAURANT (rID, address, rCity, cuisine, name) values (26, '5 Hayes Terrace', 'Los Angeles ', 'Mexican', 'Williamson, Williamson and Orn');
insert into RESTAURANT (rID, address, rCity, cuisine, name) values (27, '86 Homewood Junction', 'Bellevue', 'Mexican', 'Collier-Will');
insert into RESTAURANT (rID, address, rCity, cuisine, name) values (28, '8269 Grim Court', 'Bellevue', 'Mexican', 'Kovacek Inc');
insert into RESTAURANT (rID, address, rCity, cuisine, name) values (29, '28019 Packers Terrace', 'Lynnwood ', 'Mexican', 'Bogisich LLC');
insert into RESTAURANT (rID, address, rCity, cuisine, name) values (30, '6958 Nelson Crossing', 'Seattle', 'Mexican', 'Johns, Murphy and Weimann');
insert into RESTAURANT (rID, address, rCity, cuisine, name) values (31, '732 Goodland Avenue', 'Seattle', 'Mexican', 'Kihn and Sons');
insert into RESTAURANT (rID, address, rCity, cuisine, name) values (32, '7652 Bultman Street', 'Seattle', 'Mexican', 'Bergnaum Group');
insert into RESTAURANT (rID, address, rCity, cuisine, name) values (33, '777 Lyons Terrace', 'Lynnwood ', 'Mexican', 'Bartoletti LLC');
insert into RESTAURANT (rID, address, rCity, cuisine, name) values (34, '6121 Dexter Pass', 'San Francisco', 'Mexican', 'Hammes Inc');
insert into RESTAURANT (rID, address, rCity, cuisine, name) values (35, '74 Main Junction', 'Los Angeles ', 'Mexican', 'Carroll-Lockman');
insert into RESTAURANT (rID, address, rCity, cuisine, name) values (36, '50 Redwing Avenue', 'Bellevue', 'Mexican', 'Flatley and Sons');
insert into RESTAURANT (rID, address, rCity, cuisine, name) values (37, '42359 Independence Crossing', 'Seattle', 'Mexican', 'Rogahn, O''Conner and Morar');
insert into RESTAURANT (rID, address, rCity, cuisine, name) values (38, '59 Waxwing Trail', 'Lynnwood ', 'Mexican', 'Gibson Group');
insert into RESTAURANT (rID, address, rCity, cuisine, name) values (39, '012 Summit Circle', 'Bellevue', 'Mexican', 'Stracke, Dibbert and Stracke');
insert into RESTAURANT (rID, address, rCity, cuisine, name) values (40, '3851 Vera Plaza', 'Seattle', 'Mexican', 'Marvin, Schuster and Schroeder');
insert into RESTAURANT (rID, address, rCity, cuisine, name) values (41, '25742 6th Park', 'Lynnwood ', 'Mexican', 'Hauck, Friesen and Hyatt');
insert into RESTAURANT (rID, address, rCity, cuisine, name) values (42, '917 Mayer Parkway', 'San Francisco', 'Mexican', 'Trantow, Connelly and Bernhard');
insert into RESTAURANT (rID, address, rCity, cuisine, name) values (43, '032 Stuart Plaza', 'San Francisco', 'Mexican', 'Boehm-Streich');
insert into RESTAURANT (rID, address, rCity, cuisine, name) values (44, '0209 Talisman Avenue', 'San Francisco', 'Mexican', 'Stracke-Nolan');
insert into RESTAURANT (rID, address, rCity, cuisine, name) values (45, '60 Truax Center', 'San Francisco', 'Mexican', 'Barton-Turcotte');
insert into RESTAURANT (rID, address, rCity, cuisine, name) values (46, '04089 Hanover Point', 'Seattle', 'Mexican', 'Hilll, Conroy and Lubowitz');
insert into RESTAURANT (rID, address, rCity, cuisine, name) values (47, '8 Lindbergh Court', 'Lynnwood ', 'Mexican', 'Renner, Goldner and Witting');
insert into RESTAURANT (rID, address, rCity, cuisine, name) values (48, '5104 Nelson Point', 'Seattle', 'Mexican', 'O''Hara, Abshire and Bruen');
insert into RESTAURANT (rID, address, rCity, cuisine, name) values (49, '06 Coleman Point', 'Lynnwood ', 'Mexican', 'Orn, Osinski and Smitham');
insert into RESTAURANT (rID, address, rCity, cuisine, name) values (50, '81688 Fairview Point', 'San Francisco', 'Mexican', 'Adams, Tremblay and Pacocha');
insert into RESTAURANT (rID, address, rCity, cuisine, name) values (51, '08 Superior Hill', 'Seattle', 'Italian', 'Corkery, Bode and Trantow');
insert into RESTAURANT (rID, address, rCity, cuisine, name) values (52, '578 Jana Park', 'Seattle', 'Italian', 'Klocko, Corkery and Ratke');
insert into RESTAURANT (rID, address, rCity, cuisine, name) values (53, '23 Dennis Avenue', 'Lynnwood ', 'Italian', 'Koch Inc');
insert into RESTAURANT (rID, address, rCity, cuisine, name) values (54, '59408 Farmco Avenue', 'Seattle', 'Italian', 'Bernier Inc');
insert into RESTAURANT (rID, address, rCity, cuisine, name) values (55, '46500 Farragut Terrace', 'San Francisco', 'Italian', 'Johnston, Orn and Tremblay');
insert into RESTAURANT (rID, address, rCity, cuisine, name) values (56, '93 Mendota Crossing', 'Los Angeles ', 'Italian', 'Koch Group');
insert into RESTAURANT (rID, address, rCity, cuisine, name) values (57, '74152 Graceland Junction', 'Bellevue', 'Italian', 'Reilly Group');
insert into RESTAURANT (rID, address, rCity, cuisine, name) values (58, '26 Sunbrook Place', 'Lynnwood ', 'Italian', 'Ferry and Sons');
insert into RESTAURANT (rID, address, rCity, cuisine, name) values (59, '21 4th Terrace', 'Bellevue', 'Italian', 'Nitzsche, Collins and Trantow');
insert into RESTAURANT (rID, address, rCity, cuisine, name) values (60, '504 Stang Road', 'Bellevue', 'Italian', 'Welch-Wolff');
insert into RESTAURANT (rID, address, rCity, cuisine, name) values (61, '6688 Warner Avenue', 'San Francisco', 'Italian', 'Frami LLC');
insert into RESTAURANT (rID, address, rCity, cuisine, name) values (62, '843 Caliangt Way', 'Bellevue', 'Italian', 'Orn Group');
insert into RESTAURANT (rID, address, rCity, cuisine, name) values (63, '06 Talisman Circle', 'Los Angeles ', 'Italian', 'Mitchell Inc');
insert into RESTAURANT (rID, address, rCity, cuisine, name) values (64, '9 Dryden Park', 'Lynnwood ', 'Italian', 'Greenholt Inc');
insert into RESTAURANT (rID, address, rCity, cuisine, name) values (65, '8146 Moland Plaza', 'Bellevue', 'Italian', 'Beahan, Rutherford and Hagenes');
insert into RESTAURANT (rID, address, rCity, cuisine, name) values (66, '195 Ridge Oak Crossing', 'Bellevue', 'Italian', 'Bradtke, Robel and Ebert');
insert into RESTAURANT (rID, address, rCity, cuisine, name) values (67, '841 Spaight Alley', 'Bellevue', 'Italian', 'Bogan and Sons');
insert into RESTAURANT (rID, address, rCity, cuisine, name) values (68, '26 Anthes Court', 'San Francisco', 'Italian', 'Wolff Inc');
insert into RESTAURANT (rID, address, rCity, cuisine, name) values (69, '93323 Scott Point', 'Los Angeles ', 'Italian', 'Terry and Sons');
insert into RESTAURANT (rID, address, rCity, cuisine, name) values (70, '237 Arrowood Parkway', 'San Francisco', 'Italian', 'Kshlerin and Sons');
insert into RESTAURANT (rID, address, rCity, cuisine, name) values (71, '2813 Oak Valley Center', 'San Francisco', 'Italian', 'Schulist and Sons');
insert into RESTAURANT (rID, address, rCity, cuisine, name) values (72, '6 Vernon Park', 'Los Angeles ', 'Italian', 'Flatley and Sons');
insert into RESTAURANT (rID, address, rCity, cuisine, name) values (73, '9511 Harper Crossing', 'Seattle', 'Italian', 'Smith Inc');
insert into RESTAURANT (rID, address, rCity, cuisine, name) values (74, '955 Colorado Alley', 'Bellevue', 'Italian', 'Dooley, Kuhic and Haley');
insert into RESTAURANT (rID, address, rCity, cuisine, name) values (75, '482 Annamark Place', 'Seattle', 'Italian', 'Leuschke LLC');
insert into RESTAURANT (rID, address, rCity, cuisine, name) values (76, '5877 Springview Way', 'Lynnwood ', 'Italian', 'Hagenes-Lakin');
insert into RESTAURANT (rID, address, rCity, cuisine, name) values (77, '1 Hoffman Junction', 'Seattle', 'Italian', 'Schinner LLC');
insert into RESTAURANT (rID, address, rCity, cuisine, name) values (78, '984 Raven Trail', 'Lynnwood ', 'Italian', 'Turner-Heathcote');
insert into RESTAURANT (rID, address, rCity, cuisine, name) values (79, '87998 Tennessee Way', 'Lynnwood ', 'Italian', 'Spinka, Hilpert and Langosh');
insert into RESTAURANT (rID, address, rCity, cuisine, name) values (80, '372 Lighthouse Bay Drive', 'Bellevue', 'Italian', 'Gerhold LLC');
insert into RESTAURANT (rID, address, rCity, cuisine, name) values (81, '81 Barby Point', 'Seattle', 'Italian', 'Hilpert Group');
insert into RESTAURANT (rID, address, rCity, cuisine, name) values (82, '1818 Basil Avenue', 'Bellevue', 'Italian', 'Zboncak, Dibbert and Kuhlman');
insert into RESTAURANT (rID, address, rCity, cuisine, name) values (83, '66043 Florence Place', 'San Francisco', 'Italian', 'Kuphal LLC');
insert into RESTAURANT (rID, address, rCity, cuisine, name) values (84, '92203 Kingsford Point', 'Bellevue', 'Italian', 'Bins and Sons');
insert into RESTAURANT (rID, address, rCity, cuisine, name) values (85, '9 Mockingbird Trail', 'Bellevue', 'Italian', 'Bergstrom, Schmidt and Pouros');
insert into RESTAURANT (rID, address, rCity, cuisine, name) values (86, '69803 Randy Park', 'Los Angeles ', 'Italian', 'Hettinger-Stanton');
insert into RESTAURANT (rID, address, rCity, cuisine, name) values (87, '8402 Eastwood Lane', 'San Francisco', 'Italian', 'Zemlak Inc');
insert into RESTAURANT (rID, address, rCity, cuisine, name) values (88, '2 Oakridge Terrace', 'San Francisco', 'Italian', 'Hartmann LLC');
insert into RESTAURANT (rID, address, rCity, cuisine, name) values (89, '630 1st Lane', 'San Francisco', 'Italian', 'O''Kon, Will and Bauch');
insert into RESTAURANT (rID, address, rCity, cuisine, name) values (90, '643 Hooker Way', 'Bellevue', 'Italian', 'O''Hara-Rath');
insert into RESTAURANT (rID, address, rCity, cuisine, name) values (91, '7 Anhalt Terrace', 'Lynnwood ', 'Italian', 'Monahan-Cummerata');
insert into RESTAURANT (rID, address, rCity, cuisine, name) values (92, '07 Northridge Plaza', 'Bellevue', 'Italian', 'Dach, Jenkins and Cummerata');
insert into RESTAURANT (rID, address, rCity, cuisine, name) values (93, '8 Sage Junction', 'Bellevue', 'Italian', 'Gaylord, Strosin and Lind');
insert into RESTAURANT (rID, address, rCity, cuisine, name) values (94, '14486 Dexter Court', 'Bellevue', 'Italian', 'Rohan, Langworth and Kshlerin');
insert into RESTAURANT (rID, address, rCity, cuisine, name) values (95, '47 Bartillon Hill', 'Seattle', 'Italian', 'Padberg Inc');
insert into RESTAURANT (rID, address, rCity, cuisine, name) values (96, '26 Comanche Street', 'Lynnwood ', 'Italian', 'Krajcik-Dach');
insert into RESTAURANT (rID, address, rCity, cuisine, name) values (97, '37520 2nd Drive', 'Lynnwood ', 'Italian', 'O''Reilly, Feeney and Mann');
insert into RESTAURANT (rID, address, rCity, cuisine, name) values (98, '505 Vahlen Park', 'Lynnwood ', 'Italian', 'Schultz-Champlin');
insert into RESTAURANT (rID, address, rCity, cuisine, name) values (99, '84093 Independence Park', 'Los Angeles ', 'Italian', 'Runolfsson-Fadel');
insert into RESTAURANT (rID, address, rCity, cuisine, name) values (100, '0 Redwing Plaza', 'Lynnwood ', 'Italian', 'Rolfson-Gibson');
insert into RESTAURANT (rID, address, rCity, cuisine, name) values (101, '7 Jenna Lane', 'Lynnwood ', 'American', 'Hickle Inc');
insert into RESTAURANT (rID, address, rCity, cuisine, name) values (102, '686 Victoria Parkway', 'Bellevue', 'American', 'Feeney-Macejkovic');
insert into RESTAURANT (rID, address, rCity, cuisine, name) values (103, '6 Lakewood Gardens Trail', 'San Francisco', 'American', 'Koch Inc');
insert into RESTAURANT (rID, address, rCity, cuisine, name) values (104, '0 Bayside Circle', 'Los Angeles ', 'American', 'Zieme Group');
insert into RESTAURANT (rID, address, rCity, cuisine, name) values (105, '2256 2nd Court', 'Seattle', 'American', 'Bahringer, Kertzmann and Dicki');
insert into RESTAURANT (rID, address, rCity, cuisine, name) values (106, '08 Basil Plaza', 'Seattle', 'American', 'Schaefer Group');
insert into RESTAURANT (rID, address, rCity, cuisine, name) values (107, '52 Di Loreto Terrace', 'Los Angeles ', 'American', 'Roberts-Lynch');
insert into RESTAURANT (rID, address, rCity, cuisine, name) values (108, '63 Grasskamp Center', 'Bellevue', 'American', 'Oberbrunner-Kautzer');
insert into RESTAURANT (rID, address, rCity, cuisine, name) values (109, '1499 Steensland Lane', 'Lynnwood ', 'American', 'Rolfson, Metz and Erdman');
insert into RESTAURANT (rID, address, rCity, cuisine, name) values (110, '36 Loomis Drive', 'Seattle', 'American', 'Bednar and Sons');
insert into RESTAURANT (rID, address, rCity, cuisine, name) values (111, '2915 Meadow Vale Park', 'San Francisco', 'American', 'Huels and Sons');
insert into RESTAURANT (rID, address, rCity, cuisine, name) values (112, '42346 Utah Place', 'San Francisco', 'American', 'Weissnat-Johnson');
insert into RESTAURANT (rID, address, rCity, cuisine, name) values (113, '69 Gulseth Court', 'Los Angeles ', 'American', 'Von, Johns and Sawayn');
insert into RESTAURANT (rID, address, rCity, cuisine, name) values (114, '59 Red Cloud Park', 'Bellevue', 'American', 'Johns, Goyette and Aufderhar');
insert into RESTAURANT (rID, address, rCity, cuisine, name) values (115, '581 Elgar Parkway', 'Los Angeles ', 'American', 'Schulist-Bogisich');
insert into RESTAURANT (rID, address, rCity, cuisine, name) values (116, '26 Lotheville Circle', 'Los Angeles ', 'American', 'Waelchi, Jaskolski and Rutherford');
insert into RESTAURANT (rID, address, rCity, cuisine, name) values (117, '448 Evergreen Parkway', 'Seattle', 'American', 'Vandervort Group');
insert into RESTAURANT (rID, address, rCity, cuisine, name) values (118, '45 Comanche Point', 'Los Angeles ', 'American', 'Bins and Sons');
insert into RESTAURANT (rID, address, rCity, cuisine, name) values (119, '7870 Heath Point', 'Seattle', 'American', 'Harris, Gutmann and Beer');
insert into RESTAURANT (rID, address, rCity, cuisine, name) values (120, '7607 Leroy Crossing', 'Seattle', 'American', 'Nader Inc');
insert into RESTAURANT (rID, address, rCity, cuisine, name) values (121, '73681 Buell Parkway', 'Seattle', 'American', 'Wilkinson, Champlin and Gerlach');
insert into RESTAURANT (rID, address, rCity, cuisine, name) values (122, '19925 Nova Center', 'San Francisco', 'American', 'Shields, Stokes and Borer');
insert into RESTAURANT (rID, address, rCity, cuisine, name) values (123, '9 Chinook Avenue', 'San Francisco', 'American', 'O''Hara, Legros and Legros');
insert into RESTAURANT (rID, address, rCity, cuisine, name) values (124, '18 Moland Street', 'San Francisco', 'American', 'Schumm-Gulgowski');
insert into RESTAURANT (rID, address, rCity, cuisine, name) values (125, '26331 6th Terrace', 'Bellevue', 'American', 'Ruecker Inc');
insert into RESTAURANT (rID, address, rCity, cuisine, name) values (126, '11242 Cody Center', 'Bellevue', 'American', 'Lind and Sons');
insert into RESTAURANT (rID, address, rCity, cuisine, name) values (127, '7236 Bellgrove Terrace', 'San Francisco', 'American', 'Daugherty, Klein and Harvey');
insert into RESTAURANT (rID, address, rCity, cuisine, name) values (128, '8819 Scott Terrace', 'Los Angeles ', 'American', 'Adams-Batz');
insert into RESTAURANT (rID, address, rCity, cuisine, name) values (129, '582 Milwaukee Park', 'Bellevue', 'American', 'Gerlach LLC');
insert into RESTAURANT (rID, address, rCity, cuisine, name) values (130, '52201 Dennis Street', 'San Francisco', 'American', 'Beer, Rowe and Nikolaus');
insert into RESTAURANT (rID, address, rCity, cuisine, name) values (131, '9796 Havey Court', 'Lynnwood ', 'American', 'Bahringer-Hayes');
insert into RESTAURANT (rID, address, rCity, cuisine, name) values (132, '49598 Evergreen Terrace', 'San Francisco', 'American', 'Hilpert, Howell and Aufderhar');
insert into RESTAURANT (rID, address, rCity, cuisine, name) values (133, '0 American Parkway', 'Lynnwood ', 'American', 'Mayer-Goodwin');
insert into RESTAURANT (rID, address, rCity, cuisine, name) values (134, '9 7th Drive', 'Los Angeles ', 'American', 'Shields and Sons');
insert into RESTAURANT (rID, address, rCity, cuisine, name) values (135, '106 Shelley Plaza', 'Lynnwood ', 'American', 'Brakus Inc');
insert into RESTAURANT (rID, address, rCity, cuisine, name) values (136, '1 Dapin Court', 'Seattle', 'American', 'Turcotte Inc');
insert into RESTAURANT (rID, address, rCity, cuisine, name) values (137, '063 Linden Way', 'San Francisco', 'American', 'Waelchi, Bogan and Larkin');
insert into RESTAURANT (rID, address, rCity, cuisine, name) values (138, '4 Blue Bill Park Road', 'San Francisco', 'American', 'Hammes, Kling and Batz');
insert into RESTAURANT (rID, address, rCity, cuisine, name) values (139, '4569 Namekagon Pass', 'Bellevue', 'American', 'Bechtelar-Cruickshank');
insert into RESTAURANT (rID, address, rCity, cuisine, name) values (140, '488 Londonderry Plaza', 'Seattle', 'American', 'Mertz Inc');
insert into RESTAURANT (rID, address, rCity, cuisine, name) values (141, '3 Red Cloud Parkway', 'Lynnwood ', 'American', 'Becker, Willms and Schuppe');
insert into RESTAURANT (rID, address, rCity, cuisine, name) values (142, '06 Jenna Pass', 'Los Angeles ', 'American', 'Volkman, Wisoky and Donnelly');
insert into RESTAURANT (rID, address, rCity, cuisine, name) values (143, '05312 Fair Oaks Avenue', 'San Francisco', 'American', 'Barton Group');
insert into RESTAURANT (rID, address, rCity, cuisine, name) values (144, '97249 Thompson Drive', 'Los Angeles ', 'American', 'MacGyver Inc');
insert into RESTAURANT (rID, address, rCity, cuisine, name) values (145, '43752 Boyd Plaza', 'San Francisco', 'American', 'Steuber, Moen and Torp');
insert into RESTAURANT (rID, address, rCity, cuisine, name) values (146, '51706 Gulseth Terrace', 'Lynnwood ', 'American', 'Olson LLC');
insert into RESTAURANT (rID, address, rCity, cuisine, name) values (147, '12 Bowman Alley', 'Seattle', 'American', 'Little-Miller');
insert into RESTAURANT (rID, address, rCity, cuisine, name) values (148, '56710 Buena Vista Street', 'Bellevue', 'American', 'Graham, Gorczany and Treutel');
insert into RESTAURANT (rID, address, rCity, cuisine, name) values (149, '968 Milwaukee Lane', 'Seattle', 'American', 'Sporer Group');
insert into RESTAURANT (rID, address, rCity, cuisine, name) values (150, '40 Dryden Drive', 'Los Angeles ', 'American', 'Moore, Marquardt and Zulauf');
insert into RESTAURANT (rID, address, rCity, cuisine, name) values (151, '23 Pearson Road', 'San Francisco', 'Chinese', 'Bailey, Heaney and Zboncak');
insert into RESTAURANT (rID, address, rCity, cuisine, name) values (152, '517 Fisk Place', 'Los Angeles ', 'Chinese', 'Abernathy-Hessel');
insert into RESTAURANT (rID, address, rCity, cuisine, name) values (153, '95783 Dennis Hill', 'Bellevue', 'Chinese', 'Morar, Kuphal and Bernhard');
insert into RESTAURANT (rID, address, rCity, cuisine, name) values (154, '6391 Stephen Crossing', 'San Francisco', 'Chinese', 'Waelchi-Friesen');
insert into RESTAURANT (rID, address, rCity, cuisine, name) values (155, '1454 Sage Trail', 'Los Angeles ', 'Chinese', 'Rolfson LLC');
insert into RESTAURANT (rID, address, rCity, cuisine, name) values (156, '194 Vidon Parkway', 'Seattle', 'Chinese', 'Powlowski, Stiedemann and Botsford');
insert into RESTAURANT (rID, address, rCity, cuisine, name) values (157, '7586 Vahlen Park', 'Lynnwood ', 'Chinese', 'Quitzon-Feeney');
insert into RESTAURANT (rID, address, rCity, cuisine, name) values (158, '4 Shelley Drive', 'Lynnwood ', 'Chinese', 'Little, Nitzsche and Gutmann');
insert into RESTAURANT (rID, address, rCity, cuisine, name) values (159, '27185 Kings Crossing', 'San Francisco', 'Chinese', 'Purdy-Leffler');
insert into RESTAURANT (rID, address, rCity, cuisine, name) values (160, '230 Chinook Hill', 'Lynnwood ', 'Chinese', 'Zboncak-Brown');
insert into RESTAURANT (rID, address, rCity, cuisine, name) values (161, '90 Delladonna Pass', 'Seattle', 'Chinese', 'Ebert Group');
insert into RESTAURANT (rID, address, rCity, cuisine, name) values (162, '1561 Doe Crossing Lane', 'Los Angeles ', 'Chinese', 'Heller-Graham');
insert into RESTAURANT (rID, address, rCity, cuisine, name) values (163, '68 Logan Circle', 'Los Angeles ', 'Chinese', 'Jaskolski, Goldner and Legros');
insert into RESTAURANT (rID, address, rCity, cuisine, name) values (164, '00 Daystar Crossing', 'San Francisco', 'Chinese', 'Bradtke and Sons');
insert into RESTAURANT (rID, address, rCity, cuisine, name) values (165, '0736 2nd Point', 'San Francisco', 'Chinese', 'Kreiger, Rohan and Koch');
insert into RESTAURANT (rID, address, rCity, cuisine, name) values (166, '8 Milwaukee Lane', 'Seattle', 'Chinese', 'Lakin and Sons');
insert into RESTAURANT (rID, address, rCity, cuisine, name) values (167, '0043 John Wall Place', 'San Francisco', 'Chinese', 'Grady LLC');
insert into RESTAURANT (rID, address, rCity, cuisine, name) values (168, '683 Longview Pass', 'Bellevue', 'Chinese', 'Schaden-Thiel');
insert into RESTAURANT (rID, address, rCity, cuisine, name) values (169, '080 Cottonwood Street', 'San Francisco', 'Chinese', 'Mann and Sons');
insert into RESTAURANT (rID, address, rCity, cuisine, name) values (170, '0 Packers Avenue', 'Seattle', 'Chinese', 'Witting LLC');
insert into RESTAURANT (rID, address, rCity, cuisine, name) values (171, '99 Northwestern Trail', 'Lynnwood ', 'Chinese', 'Cole Group');
insert into RESTAURANT (rID, address, rCity, cuisine, name) values (172, '1079 Anderson Park', 'Los Angeles ', 'Chinese', 'Schinner Group');
insert into RESTAURANT (rID, address, rCity, cuisine, name) values (173, '27 Melrose Park', 'Los Angeles ', 'Chinese', 'Kohler-Emard');
insert into RESTAURANT (rID, address, rCity, cuisine, name) values (174, '5672 Green Ridge Junction', 'Los Angeles ', 'Chinese', 'Brekke, Mayer and Miller');
insert into RESTAURANT (rID, address, rCity, cuisine, name) values (175, '346 Anthes Court', 'Los Angeles ', 'Chinese', 'Spinka LLC');
insert into RESTAURANT (rID, address, rCity, cuisine, name) values (176, '56 Birchwood Plaza', 'Los Angeles ', 'Chinese', 'Dietrich-Kunde');
insert into RESTAURANT (rID, address, rCity, cuisine, name) values (177, '33767 Huxley Pass', 'Bellevue', 'Chinese', 'Jacobs, Schaefer and Oberbrunner');
insert into RESTAURANT (rID, address, rCity, cuisine, name) values (178, '885 Farmco Trail', 'Lynnwood ', 'Chinese', 'Langworth and Sons');
insert into RESTAURANT (rID, address, rCity, cuisine, name) values (179, '058 Cascade Lane', 'Bellevue', 'Chinese', 'Kuhic-Cole');
insert into RESTAURANT (rID, address, rCity, cuisine, name) values (180, '7233 Monterey Lane', 'Bellevue', 'Chinese', 'Predovic, Runolfsson and Koss');
insert into RESTAURANT (rID, address, rCity, cuisine, name) values (181, '57281 Bayside Lane', 'Bellevue', 'Chinese', 'Greenfelder, Marquardt and Toy');
insert into RESTAURANT (rID, address, rCity, cuisine, name) values (182, '3 Canary Place', 'Seattle', 'Chinese', 'Marvin Inc');
insert into RESTAURANT (rID, address, rCity, cuisine, name) values (183, '277 Gulseth Crossing', 'Lynnwood ', 'Chinese', 'Reinger LLC');
insert into RESTAURANT (rID, address, rCity, cuisine, name) values (184, '6 Haas Lane', 'Lynnwood ', 'Chinese', 'Reinger, King and Labadie');
insert into RESTAURANT (rID, address, rCity, cuisine, name) values (185, '2471 Bayside Drive', 'Los Angeles ', 'Chinese', 'Brakus, Lakin and Roberts');
insert into RESTAURANT (rID, address, rCity, cuisine, name) values (186, '45535 Pierstorff Junction', 'Bellevue', 'Chinese', 'Borer, Sporer and Gleason');
insert into RESTAURANT (rID, address, rCity, cuisine, name) values (187, '2 Anderson Point', 'Bellevue', 'Chinese', 'Kohler LLC');
insert into RESTAURANT (rID, address, rCity, cuisine, name) values (188, '3 Huxley Point', 'Lynnwood ', 'Chinese', 'Farrell-Will');
insert into RESTAURANT (rID, address, rCity, cuisine, name) values (189, '4574 Heath Pass', 'Los Angeles ', 'Chinese', 'Koepp-Roob');
insert into RESTAURANT (rID, address, rCity, cuisine, name) values (190, '88 Pond Place', 'Lynnwood ', 'Chinese', 'Wolf, Lockman and Kuhlman');
insert into RESTAURANT (rID, address, rCity, cuisine, name) values (191, '18 Caliangt Point', 'Los Angeles ', 'Chinese', 'Moen-Hahn');
insert into RESTAURANT (rID, address, rCity, cuisine, name) values (192, '84350 Banding Center', 'Seattle', 'Chinese', 'Jacobs, Trantow and Treutel');
insert into RESTAURANT (rID, address, rCity, cuisine, name) values (193, '034 Rigney Terrace', 'Los Angeles ', 'Chinese', 'Donnelly, Mann and Cormier');
insert into RESTAURANT (rID, address, rCity, cuisine, name) values (194, '61865 Jay Parkway', 'Bellevue', 'Chinese', 'Hodkiewicz and Sons');
insert into RESTAURANT (rID, address, rCity, cuisine, name) values (195, '710 Arkansas Alley', 'Lynnwood ', 'Chinese', 'Marks Inc');
insert into RESTAURANT (rID, address, rCity, cuisine, name) values (196, '2788 Eagle Crest Trail', 'San Francisco', 'Chinese', 'Stracke and Sons');
insert into RESTAURANT (rID, address, rCity, cuisine, name) values (197, '0827 Dunning Junction', 'Bellevue', 'Chinese', 'Haley-Prohaska');
insert into RESTAURANT (rID, address, rCity, cuisine, name) values (198, '15 Holmberg Road', 'Seattle', 'Chinese', 'Fahey-Gleason');
insert into RESTAURANT (rID, address, rCity, cuisine, name) values (199, '72224 Kim Park', 'Lynnwood ', 'Chinese', 'Gorczany, Graham and Fisher');
insert into RESTAURANT (rID, address, rCity, cuisine, name) values (200, '39657 Fisk Plaza', 'San Francisco', 'Chinese', 'Kuhlman-Hermann');
insert into RESTAURANT (rID, address, rCity, cuisine, name) values (201, '84 Algoma Plaza', 'Bellevue', 'Greek', 'Hettinger, Quigley and Hartmann');
insert into RESTAURANT (rID, address, rCity, cuisine, name) values (202, '1309 Haas Avenue', 'Seattle', 'Greek', 'Crist and Sons');
insert into RESTAURANT (rID, address, rCity, cuisine, name) values (203, '060 Independence Lane', 'Los Angeles ', 'Greek', 'Bruen, Christiansen and Koss');
insert into RESTAURANT (rID, address, rCity, cuisine, name) values (204, '59103 Dexter Terrace', 'Seattle', 'Greek', 'Bins, Bergstrom and Mraz');
insert into RESTAURANT (rID, address, rCity, cuisine, name) values (205, '1960 Valley Edge Street', 'Lynnwood ', 'Greek', 'Powlowski Inc');
insert into RESTAURANT (rID, address, rCity, cuisine, name) values (206, '05 Fuller Avenue', 'San Francisco', 'Greek', 'Bartoletti, Nienow and Kirlin');
insert into RESTAURANT (rID, address, rCity, cuisine, name) values (207, '0 High Crossing Terrace', 'Seattle', 'Greek', 'Luettgen, Boyle and Mante');
insert into RESTAURANT (rID, address, rCity, cuisine, name) values (208, '3 Jenifer Center', 'Seattle', 'Greek', 'Bode, Muller and Von');
insert into RESTAURANT (rID, address, rCity, cuisine, name) values (209, '055 Johnson Lane', 'Seattle', 'Greek', 'Johnson-Zboncak');
insert into RESTAURANT (rID, address, rCity, cuisine, name) values (210, '292 Texas Park', 'Los Angeles ', 'Greek', 'Beatty-Greenholt');
insert into RESTAURANT (rID, address, rCity, cuisine, name) values (211, '046 Bartillon Road', 'San Francisco', 'Greek', 'Hodkiewicz-Lebsack');
insert into RESTAURANT (rID, address, rCity, cuisine, name) values (212, '3 Sherman Junction', 'Los Angeles ', 'Greek', 'King and Sons');
insert into RESTAURANT (rID, address, rCity, cuisine, name) values (213, '16988 Shelley Circle', 'Los Angeles ', 'Greek', 'Kemmer, Barton and Dickens');
insert into RESTAURANT (rID, address, rCity, cuisine, name) values (214, '49880 Lunder Trail', 'San Francisco', 'Greek', 'Towne LLC');
insert into RESTAURANT (rID, address, rCity, cuisine, name) values (215, '129 Merchant Road', 'Bellevue', 'Greek', 'Morissette-Dare');
insert into RESTAURANT (rID, address, rCity, cuisine, name) values (216, '152 American Ash Point', 'Seattle', 'Greek', 'Rowe, Beer and Kilback');
insert into RESTAURANT (rID, address, rCity, cuisine, name) values (217, '87008 Brentwood Court', 'Seattle', 'Greek', 'Schmitt Inc');
insert into RESTAURANT (rID, address, rCity, cuisine, name) values (218, '590 Killdeer Terrace', 'Bellevue', 'Greek', 'Luettgen, Halvorson and Gottlieb');
insert into RESTAURANT (rID, address, rCity, cuisine, name) values (219, '60 Sunfield Park', 'Los Angeles ', 'Greek', 'Ryan, Schulist and Pouros');
insert into RESTAURANT (rID, address, rCity, cuisine, name) values (220, '310 Meadow Vale Way', 'San Francisco', 'Greek', 'Ledner-Hackett');
insert into RESTAURANT (rID, address, rCity, cuisine, name) values (221, '1 Fallview Park', 'Bellevue', 'Greek', 'Bradtke Inc');
insert into RESTAURANT (rID, address, rCity, cuisine, name) values (222, '05 International Avenue', 'Lynnwood ', 'Greek', 'Ritchie-Willms');
insert into RESTAURANT (rID, address, rCity, cuisine, name) values (223, '538 Mosinee Alley', 'Los Angeles ', 'Greek', 'Baumbach-Mayert');
insert into RESTAURANT (rID, address, rCity, cuisine, name) values (224, '1252 Kinsman Point', 'Lynnwood ', 'Greek', 'Swift-Stiedemann');
insert into RESTAURANT (rID, address, rCity, cuisine, name) values (225, '5939 Hoffman Point', 'Los Angeles ', 'Greek', 'Gaylord Inc');
insert into RESTAURANT (rID, address, rCity, cuisine, name) values (226, '13 Daystar Trail', 'Seattle', 'Greek', 'Eichmann Group');
insert into RESTAURANT (rID, address, rCity, cuisine, name) values (227, '09 Parkside Way', 'San Francisco', 'Greek', 'Reichel and Sons');
insert into RESTAURANT (rID, address, rCity, cuisine, name) values (228, '59785 Forster Pass', 'Lynnwood ', 'Greek', 'Shanahan-Schamberger');
insert into RESTAURANT (rID, address, rCity, cuisine, name) values (229, '619 Lotheville Drive', 'Los Angeles ', 'Greek', 'Schultz, Rice and Schmeler');
insert into RESTAURANT (rID, address, rCity, cuisine, name) values (230, '110 Dixon Place', 'Bellevue', 'Greek', 'Pagac, Feil and Hyatt');
insert into RESTAURANT (rID, address, rCity, cuisine, name) values (231, '168 Schlimgen Park', 'San Francisco', 'Greek', 'Goyette-Nicolas');
insert into RESTAURANT (rID, address, rCity, cuisine, name) values (232, '208 Welch Terrace', 'San Francisco', 'Greek', 'Leffler-Kuhlman');
insert into RESTAURANT (rID, address, rCity, cuisine, name) values (233, '131 School Court', 'Lynnwood ', 'Greek', 'Hoeger, Monahan and Batz');
insert into RESTAURANT (rID, address, rCity, cuisine, name) values (234, '5 Johnson Center', 'Lynnwood ', 'Greek', 'Effertz Inc');
insert into RESTAURANT (rID, address, rCity, cuisine, name) values (235, '8911 Aberg Trail', 'San Francisco', 'Greek', 'Turcotte, Kulas and Hammes');
insert into RESTAURANT (rID, address, rCity, cuisine, name) values (236, '73 Kensington Avenue', 'Seattle', 'Greek', 'Herman-Friesen');
insert into RESTAURANT (rID, address, rCity, cuisine, name) values (237, '0 Maple Trail', 'San Francisco', 'Greek', 'Rempel Group');
insert into RESTAURANT (rID, address, rCity, cuisine, name) values (238, '61252 Twin Pines Way', 'Seattle', 'Greek', 'Jakubowski, Cruickshank and Torphy');
insert into RESTAURANT (rID, address, rCity, cuisine, name) values (239, '5 Gale Alley', 'Los Angeles ', 'Greek', 'Grimes, Jast and Prohaska');
insert into RESTAURANT (rID, address, rCity, cuisine, name) values (240, '97937 Corscot Avenue', 'Lynnwood ', 'Greek', 'Herman, Padberg and Walker');
insert into RESTAURANT (rID, address, rCity, cuisine, name) values (241, '77 Commercial Parkway', 'Lynnwood ', 'Greek', 'Satterfield, Wunsch and Corwin');
insert into RESTAURANT (rID, address, rCity, cuisine, name) values (242, '3858 Rockefeller Court', 'Bellevue', 'Greek', 'Lang-Auer');
insert into RESTAURANT (rID, address, rCity, cuisine, name) values (243, '566 Anthes Avenue', 'San Francisco', 'Greek', 'Fay, Hilpert and Marvin');
insert into RESTAURANT (rID, address, rCity, cuisine, name) values (244, '650 Swallow Drive', 'San Francisco', 'Greek', 'Gusikowski and Sons');
insert into RESTAURANT (rID, address, rCity, cuisine, name) values (245, '99476 Burning Wood Junction', 'Los Angeles ', 'Greek', 'Connelly, Kunde and Lynch');
insert into RESTAURANT (rID, address, rCity, cuisine, name) values (246, '6 Coleman Crossing', 'Los Angeles ', 'Greek', 'Green-Rutherford');
insert into RESTAURANT (rID, address, rCity, cuisine, name) values (247, '9 Monument Road', 'Seattle', 'Greek', 'Thompson, Reynolds and Bartell');
insert into RESTAURANT (rID, address, rCity, cuisine, name) values (248, '51098 Spenser Center', 'San Francisco', 'Greek', 'Labadie-Stiedemann');
insert into RESTAURANT (rID, address, rCity, cuisine, name) values (249, '093 Westport Point', 'Los Angeles ', 'Greek', 'Little, Senger and Konopelski');
insert into RESTAURANT (rID, address, rCity, cuisine, name) values (250, '2991 Colorado Park', 'San Francisco', 'Greek', 'King, Ward and Beer');

------------------- END OF RESTAURANT INSERTIONS-------------------------

------------------- BEGINNING OF HOURS INSERTIONS-------------------------
insert into HOURS (start_time, end_time, time_name, rest_id) values ('8:21 AM', '8:35 AM', 'Operating Hours', 1);
insert into HOURS (start_time, end_time, time_name, rest_id) values ('9:05 AM', '12:52 PM', 'Work Hours', 2);
insert into HOURS (start_time, end_time, time_name, rest_id) values ('8:13 AM', '4:24 AM', 'Work Hours', 3);
insert into HOURS (start_time, end_time, time_name, rest_id) values ('8:13 AM', '12:38 PM', 'Food Hours', 4);
insert into HOURS (start_time, end_time, time_name, rest_id) values ('10:13 AM', '10:58 AM', 'Food Hours', 5);
insert into HOURS (start_time, end_time, time_name, rest_id) values ('8:13 AM', '12:01 PM', 'Operating Hours', 6);
insert into HOURS (start_time, end_time, time_name, rest_id) values ('8:36 AM', '5:16 AM', 'Operating Hours', 7);
insert into HOURS (start_time, end_time, time_name, rest_id) values ('8:31 AM', '11:49 AM', 'Open Hours', 8);
insert into HOURS (start_time, end_time, time_name, rest_id) values ('8:24 AM', '10:28 AM', 'Open Hours', 9);
insert into HOURS (start_time, end_time, time_name, rest_id) values ('8:53 AM', '7:44 AM', 'Work Hours', 10);
insert into HOURS (start_time, end_time, time_name, rest_id) values ('10:15 AM', '12:02 PM', 'Operating Hours', 11);
insert into HOURS (start_time, end_time, time_name, rest_id) values ('10:30 AM', '10:09 AM', 'Operating Hours', 12);
insert into HOURS (start_time, end_time, time_name, rest_id) values ('9:23 AM', '1:44 PM', 'Work Hours', 13);
insert into HOURS (start_time, end_time, time_name, rest_id) values ('9:35 AM', '4:34 AM', 'Operating Hours', 14);
insert into HOURS (start_time, end_time, time_name, rest_id) values ('10:26 AM', '9:56 AM', 'Open Hours', 15);
insert into HOURS (start_time, end_time, time_name, rest_id) values ('8:23 AM', '8:35 AM', 'Open Hours', 16);
insert into HOURS (start_time, end_time, time_name, rest_id) values ('9:46 AM', '1:17 PM', 'Work Hours', 17);
insert into HOURS (start_time, end_time, time_name, rest_id) values ('9:05 AM', '8:29 AM', 'Operating Hours', 18);
insert into HOURS (start_time, end_time, time_name, rest_id) values ('9:56 AM', '1:09 PM', 'Work Hours', 19);
insert into HOURS (start_time, end_time, time_name, rest_id) values ('8:34 AM', '6:39 AM', 'Operating Hours', 20);
insert into HOURS (start_time, end_time, time_name, rest_id) values ('8:47 AM', '12:18 PM', 'Food Hours', 21);
insert into HOURS (start_time, end_time, time_name, rest_id) values ('10:09 AM', '11:53 AM', 'Food Hours', 22);
insert into HOURS (start_time, end_time, time_name, rest_id) values ('10:25 AM', '12:12 PM', 'Food Hours', 23);
insert into HOURS (start_time, end_time, time_name, rest_id) values ('10:39 AM', '12:11 PM', 'Operating Hours', 24);
insert into HOURS (start_time, end_time, time_name, rest_id) values ('8:06 AM', '9:29 AM', 'Open Hours', 25);
insert into HOURS (start_time, end_time, time_name, rest_id) values ('9:47 AM', '2:41 AM', 'Food Hours', 26);
insert into HOURS (start_time, end_time, time_name, rest_id) values ('8:06 AM', '5:34 AM', 'Food Hours', 27);
insert into HOURS (start_time, end_time, time_name, rest_id) values ('10:05 AM', '2:41 AM', 'Food Hours', 28);
insert into HOURS (start_time, end_time, time_name, rest_id) values ('10:38 AM', '7:27 AM', 'Operating Hours', 29);
insert into HOURS (start_time, end_time, time_name, rest_id) values ('10:24 AM', '11:42 AM', 'Operating Hours', 30);
insert into HOURS (start_time, end_time, time_name, rest_id) values ('10:59 AM', '3:58 AM', 'Food Hours', 31);
insert into HOURS (start_time, end_time, time_name, rest_id) values ('10:36 AM', '3:46 AM', 'Operating Hours', 32);
insert into HOURS (start_time, end_time, time_name, rest_id) values ('8:06 AM', '10:29 AM', 'Operating Hours', 33);
insert into HOURS (start_time, end_time, time_name, rest_id) values ('8:32 AM', '5:09 AM', 'Work Hours', 34);
insert into HOURS (start_time, end_time, time_name, rest_id) values ('10:14 AM', '3:22 AM', 'Work Hours', 35);
insert into HOURS (start_time, end_time, time_name, rest_id) values ('8:07 AM', '2:00 AM', 'Operating Hours', 36);
insert into HOURS (start_time, end_time, time_name, rest_id) values ('8:23 AM', '11:46 AM', 'Operating Hours', 37);
insert into HOURS (start_time, end_time, time_name, rest_id) values ('9:09 AM', '12:57 PM', 'Work Hours', 38);
insert into HOURS (start_time, end_time, time_name, rest_id) values ('9:19 AM', '2:48 AM', 'Work Hours', 39);
insert into HOURS (start_time, end_time, time_name, rest_id) values ('9:02 AM', '3:34 AM', 'Operating Hours', 40);
insert into HOURS (start_time, end_time, time_name, rest_id) values ('10:14 AM', '2:28 AM', 'Work Hours', 41);
insert into HOURS (start_time, end_time, time_name, rest_id) values ('8:07 AM', '7:29 AM', 'Work Hours', 42);
insert into HOURS (start_time, end_time, time_name, rest_id) values ('10:12 AM', '11:41 AM', 'Food Hours', 43);
insert into HOURS (start_time, end_time, time_name, rest_id) values ('10:35 AM', '12:48 PM', 'Open Hours', 44);
insert into HOURS (start_time, end_time, time_name, rest_id) values ('8:28 AM', '1:00 PM', 'Work Hours', 45);
insert into HOURS (start_time, end_time, time_name, rest_id) values ('8:20 AM', '2:08 AM', 'Food Hours', 46);
insert into HOURS (start_time, end_time, time_name, rest_id) values ('9:58 AM', '12:54 PM', 'Work Hours', 47);
insert into HOURS (start_time, end_time, time_name, rest_id) values ('8:41 AM', '2:22 AM', 'Work Hours', 48);
insert into HOURS (start_time, end_time, time_name, rest_id) values ('8:09 AM', '10:17 AM', 'Operating Hours', 49);
insert into HOURS (start_time, end_time, time_name, rest_id) values ('10:44 AM', '1:08 PM', 'Operating Hours', 50);
insert into HOURS (start_time, end_time, time_name, rest_id) values ('8:59 AM', '3:30 AM', 'Operating Hours', 51);
insert into HOURS (start_time, end_time, time_name, rest_id) values ('9:46 AM', '12:06 PM', 'Open Hours', 52);
insert into HOURS (start_time, end_time, time_name, rest_id) values ('9:05 AM', '5:18 AM', 'Food Hours', 53);
insert into HOURS (start_time, end_time, time_name, rest_id) values ('9:44 AM', '5:29 AM', 'Operating Hours', 54);
insert into HOURS (start_time, end_time, time_name, rest_id) values ('10:42 AM', '5:11 AM', 'Operating Hours', 55);
insert into HOURS (start_time, end_time, time_name, rest_id) values ('9:24 AM', '9:50 AM', 'Operating Hours', 56);
insert into HOURS (start_time, end_time, time_name, rest_id) values ('9:50 AM', '8:47 AM', 'Operating Hours', 57);
insert into HOURS (start_time, end_time, time_name, rest_id) values ('10:17 AM', '12:40 PM', 'Operating Hours', 58);
insert into HOURS (start_time, end_time, time_name, rest_id) values ('8:59 AM', '7:31 AM', 'Operating Hours', 59);
insert into HOURS (start_time, end_time, time_name, rest_id) values ('10:34 AM', '1:45 PM', 'Work Hours', 60);
insert into HOURS (start_time, end_time, time_name, rest_id) values ('10:20 AM', '8:53 AM', 'Work Hours', 61);
insert into HOURS (start_time, end_time, time_name, rest_id) values ('9:04 AM', '7:25 AM', 'Open Hours', 62);
insert into HOURS (start_time, end_time, time_name, rest_id) values ('10:56 AM', '4:41 AM', 'Work Hours', 63);
insert into HOURS (start_time, end_time, time_name, rest_id) values ('9:21 AM', '10:02 AM', 'Open Hours', 64);
insert into HOURS (start_time, end_time, time_name, rest_id) values ('9:40 AM', '8:34 AM', 'Operating Hours', 65);
insert into HOURS (start_time, end_time, time_name, rest_id) values ('9:34 AM', '7:50 AM', 'Open Hours', 66);
insert into HOURS (start_time, end_time, time_name, rest_id) values ('8:45 AM', '2:03 AM', 'Open Hours', 67);
insert into HOURS (start_time, end_time, time_name, rest_id) values ('10:52 AM', '4:38 AM', 'Food Hours', 68);
insert into HOURS (start_time, end_time, time_name, rest_id) values ('10:03 AM', '2:14 AM', 'Food Hours', 69);
insert into HOURS (start_time, end_time, time_name, rest_id) values ('8:59 AM', '6:26 AM', 'Food Hours', 70);
insert into HOURS (start_time, end_time, time_name, rest_id) values ('9:42 AM', '2:04 AM', 'Food Hours', 71);
insert into HOURS (start_time, end_time, time_name, rest_id) values ('8:22 AM', '11:11 AM', 'Operating Hours', 72);
insert into HOURS (start_time, end_time, time_name, rest_id) values ('9:52 AM', '8:32 AM', 'Work Hours', 73);
insert into HOURS (start_time, end_time, time_name, rest_id) values ('10:11 AM', '2:33 AM', 'Food Hours', 74);
insert into HOURS (start_time, end_time, time_name, rest_id) values ('10:40 AM', '11:10 AM', 'Open Hours', 75);
insert into HOURS (start_time, end_time, time_name, rest_id) values ('9:13 AM', '7:57 AM', 'Work Hours', 76);
insert into HOURS (start_time, end_time, time_name, rest_id) values ('9:40 AM', '9:37 AM', 'Operating Hours', 77);
insert into HOURS (start_time, end_time, time_name, rest_id) values ('9:32 AM', '5:14 AM', 'Operating Hours', 78);
insert into HOURS (start_time, end_time, time_name, rest_id) values ('9:58 AM', '4:01 AM', 'Operating Hours', 79);
insert into HOURS (start_time, end_time, time_name, rest_id) values ('9:09 AM', '4:02 AM', 'Work Hours', 80);
insert into HOURS (start_time, end_time, time_name, rest_id) values ('9:34 AM', '4:18 AM', 'Open Hours', 81);
insert into HOURS (start_time, end_time, time_name, rest_id) values ('9:24 AM', '2:50 AM', 'Food Hours', 82);
insert into HOURS (start_time, end_time, time_name, rest_id) values ('10:50 AM', '7:04 AM', 'Operating Hours', 83);
insert into HOURS (start_time, end_time, time_name, rest_id) values ('9:52 AM', '7:12 AM', 'Food Hours', 84);
insert into HOURS (start_time, end_time, time_name, rest_id) values ('9:22 AM', '2:23 AM', 'Work Hours', 85);
insert into HOURS (start_time, end_time, time_name, rest_id) values ('10:40 AM', '2:42 AM', 'Work Hours', 86);
insert into HOURS (start_time, end_time, time_name, rest_id) values ('10:27 AM', '1:59 PM', 'Work Hours', 87);
insert into HOURS (start_time, end_time, time_name, rest_id) values ('10:01 AM', '6:42 AM', 'Operating Hours', 88);
insert into HOURS (start_time, end_time, time_name, rest_id) values ('8:50 AM', '3:29 AM', 'Food Hours', 89);
insert into HOURS (start_time, end_time, time_name, rest_id) values ('9:59 AM', '7:39 AM', 'Work Hours', 90);
insert into HOURS (start_time, end_time, time_name, rest_id) values ('8:15 AM', '11:37 AM', 'Operating Hours', 91);
insert into HOURS (start_time, end_time, time_name, rest_id) values ('8:35 AM', '3:32 AM', 'Operating Hours', 92);
insert into HOURS (start_time, end_time, time_name, rest_id) values ('8:11 AM', '3:59 AM', 'Work Hours', 93);
insert into HOURS (start_time, end_time, time_name, rest_id) values ('9:52 AM', '12:32 PM', 'Operating Hours', 94);
insert into HOURS (start_time, end_time, time_name, rest_id) values ('10:04 AM', '7:44 AM', 'Food Hours', 95);
insert into HOURS (start_time, end_time, time_name, rest_id) values ('10:12 AM', '8:40 AM', 'Food Hours', 96);
insert into HOURS (start_time, end_time, time_name, rest_id) values ('9:12 AM', '11:51 AM', 'Open Hours', 97);
insert into HOURS (start_time, end_time, time_name, rest_id) values ('10:01 AM', '4:50 AM', 'Operating Hours', 98);
insert into HOURS (start_time, end_time, time_name, rest_id) values ('9:39 AM', '9:57 AM', 'Operating Hours', 99);
insert into HOURS (start_time, end_time, time_name, rest_id) values ('9:53 AM', '2:53 AM', 'Open Hours', 100);
insert into HOURS (start_time, end_time, time_name, rest_id) values ('10:36 AM', '4:12 AM', 'Food Hours', 101);
insert into HOURS (start_time, end_time, time_name, rest_id) values ('8:14 AM', '10:25 AM', 'Open Hours', 102);
insert into HOURS (start_time, end_time, time_name, rest_id) values ('10:22 AM', '5:32 AM', 'Open Hours', 103);
insert into HOURS (start_time, end_time, time_name, rest_id) values ('9:12 AM', '11:13 AM', 'Open Hours', 104);
insert into HOURS (start_time, end_time, time_name, rest_id) values ('8:39 AM', '12:26 PM', 'Food Hours', 105);
insert into HOURS (start_time, end_time, time_name, rest_id) values ('10:46 AM', '4:05 AM', 'Operating Hours', 106);
insert into HOURS (start_time, end_time, time_name, rest_id) values ('10:05 AM', '5:19 AM', 'Open Hours', 107);
insert into HOURS (start_time, end_time, time_name, rest_id) values ('9:39 AM', '6:53 AM', 'Open Hours', 108);
insert into HOURS (start_time, end_time, time_name, rest_id) values ('9:29 AM', '3:19 AM', 'Food Hours', 109);
insert into HOURS (start_time, end_time, time_name, rest_id) values ('10:40 AM', '12:39 PM', 'Operating Hours', 110);
insert into HOURS (start_time, end_time, time_name, rest_id) values ('10:03 AM', '2:44 AM', 'Food Hours', 111);
insert into HOURS (start_time, end_time, time_name, rest_id) values ('10:56 AM', '10:54 AM', 'Operating Hours', 112);
insert into HOURS (start_time, end_time, time_name, rest_id) values ('9:51 AM', '1:07 PM', 'Open Hours', 113);
insert into HOURS (start_time, end_time, time_name, rest_id) values ('10:18 AM', '12:24 PM', 'Operating Hours', 114);
insert into HOURS (start_time, end_time, time_name, rest_id) values ('9:54 AM', '2:13 AM', 'Food Hours', 115);
insert into HOURS (start_time, end_time, time_name, rest_id) values ('8:53 AM', '11:50 AM', 'Operating Hours', 116);
insert into HOURS (start_time, end_time, time_name, rest_id) values ('10:00 AM', '11:11 AM', 'Open Hours', 117);
insert into HOURS (start_time, end_time, time_name, rest_id) values ('8:50 AM', '2:56 AM', 'Open Hours', 118);
insert into HOURS (start_time, end_time, time_name, rest_id) values ('10:47 AM', '12:00 PM', 'Food Hours', 119);
insert into HOURS (start_time, end_time, time_name, rest_id) values ('10:57 AM', '7:30 AM', 'Food Hours', 120);
insert into HOURS (start_time, end_time, time_name, rest_id) values ('8:05 AM', '1:17 PM', 'Food Hours', 121);
insert into HOURS (start_time, end_time, time_name, rest_id) values ('8:09 AM', '6:59 AM', 'Work Hours', 122);
insert into HOURS (start_time, end_time, time_name, rest_id) values ('9:51 AM', '8:12 AM', 'Open Hours', 123);
insert into HOURS (start_time, end_time, time_name, rest_id) values ('10:18 AM', '10:51 AM', 'Food Hours', 124);
insert into HOURS (start_time, end_time, time_name, rest_id) values ('9:22 AM', '11:21 AM', 'Open Hours', 125);
insert into HOURS (start_time, end_time, time_name, rest_id) values ('8:35 AM', '5:16 AM', 'Work Hours', 126);
insert into HOURS (start_time, end_time, time_name, rest_id) values ('9:28 AM', '2:02 AM', 'Work Hours', 127);
insert into HOURS (start_time, end_time, time_name, rest_id) values ('10:54 AM', '2:30 AM', 'Operating Hours', 128);
insert into HOURS (start_time, end_time, time_name, rest_id) values ('9:46 AM', '4:21 AM', 'Operating Hours', 129);
insert into HOURS (start_time, end_time, time_name, rest_id) values ('8:50 AM', '4:42 AM', 'Operating Hours', 130);
insert into HOURS (start_time, end_time, time_name, rest_id) values ('10:54 AM', '2:25 AM', 'Open Hours', 131);
insert into HOURS (start_time, end_time, time_name, rest_id) values ('10:03 AM', '10:45 AM', 'Work Hours', 132);
insert into HOURS (start_time, end_time, time_name, rest_id) values ('10:14 AM', '5:15 AM', 'Food Hours', 133);
insert into HOURS (start_time, end_time, time_name, rest_id) values ('9:27 AM', '12:54 PM', 'Open Hours', 134);
insert into HOURS (start_time, end_time, time_name, rest_id) values ('8:55 AM', '8:26 AM', 'Work Hours', 135);
insert into HOURS (start_time, end_time, time_name, rest_id) values ('10:11 AM', '10:17 AM', 'Food Hours', 136);
insert into HOURS (start_time, end_time, time_name, rest_id) values ('10:16 AM', '9:10 AM', 'Work Hours', 137);
insert into HOURS (start_time, end_time, time_name, rest_id) values ('8:07 AM', '4:57 AM', 'Food Hours', 138);
insert into HOURS (start_time, end_time, time_name, rest_id) values ('10:26 AM', '12:14 PM', 'Work Hours', 139);
insert into HOURS (start_time, end_time, time_name, rest_id) values ('10:26 AM', '3:44 AM', 'Work Hours', 140);
insert into HOURS (start_time, end_time, time_name, rest_id) values ('8:39 AM', '10:57 AM', 'Work Hours', 141);
insert into HOURS (start_time, end_time, time_name, rest_id) values ('8:19 AM', '7:30 AM', 'Work Hours', 142);
insert into HOURS (start_time, end_time, time_name, rest_id) values ('9:36 AM', '8:05 AM', 'Work Hours', 143);
insert into HOURS (start_time, end_time, time_name, rest_id) values ('9:37 AM', '7:12 AM', 'Operating Hours', 144);
insert into HOURS (start_time, end_time, time_name, rest_id) values ('8:06 AM', '11:31 AM', 'Open Hours', 145);
insert into HOURS (start_time, end_time, time_name, rest_id) values ('10:34 AM', '10:31 AM', 'Open Hours', 146);
insert into HOURS (start_time, end_time, time_name, rest_id) values ('10:35 AM', '6:53 AM', 'Food Hours', 147);
insert into HOURS (start_time, end_time, time_name, rest_id) values ('10:52 AM', '9:45 AM', 'Food Hours', 148);
insert into HOURS (start_time, end_time, time_name, rest_id) values ('8:13 AM', '4:27 AM', 'Open Hours', 149);
insert into HOURS (start_time, end_time, time_name, rest_id) values ('8:47 AM', '1:18 PM', 'Food Hours', 150);
insert into HOURS (start_time, end_time, time_name, rest_id) values ('9:25 AM', '5:04 AM', 'Work Hours', 151);
insert into HOURS (start_time, end_time, time_name, rest_id) values ('10:00 AM', '8:16 AM', 'Operating Hours', 152);
insert into HOURS (start_time, end_time, time_name, rest_id) values ('9:08 AM', '3:22 AM', 'Work Hours', 153);
insert into HOURS (start_time, end_time, time_name, rest_id) values ('10:03 AM', '9:35 AM', 'Work Hours', 154);
insert into HOURS (start_time, end_time, time_name, rest_id) values ('10:37 AM', '5:58 AM', 'Operating Hours', 155);
insert into HOURS (start_time, end_time, time_name, rest_id) values ('8:15 AM', '1:12 PM', 'Work Hours', 156);
insert into HOURS (start_time, end_time, time_name, rest_id) values ('8:51 AM', '5:40 AM', 'Food Hours', 157);
insert into HOURS (start_time, end_time, time_name, rest_id) values ('8:12 AM', '3:00 AM', 'Operating Hours', 158);
insert into HOURS (start_time, end_time, time_name, rest_id) values ('10:25 AM', '10:51 AM', 'Operating Hours', 159);
insert into HOURS (start_time, end_time, time_name, rest_id) values ('10:00 AM', '4:13 AM', 'Food Hours', 160);
insert into HOURS (start_time, end_time, time_name, rest_id) values ('9:00 AM', '1:59 PM', 'Food Hours', 161);
insert into HOURS (start_time, end_time, time_name, rest_id) values ('10:07 AM', '2:31 AM', 'Food Hours', 162);
insert into HOURS (start_time, end_time, time_name, rest_id) values ('8:26 AM', '3:38 AM', 'Open Hours', 163);
insert into HOURS (start_time, end_time, time_name, rest_id) values ('8:34 AM', '8:15 AM', 'Food Hours', 164);
insert into HOURS (start_time, end_time, time_name, rest_id) values ('9:51 AM', '9:53 AM', 'Operating Hours', 165);
insert into HOURS (start_time, end_time, time_name, rest_id) values ('9:57 AM', '6:35 AM', 'Open Hours', 166);
insert into HOURS (start_time, end_time, time_name, rest_id) values ('9:48 AM', '12:35 PM', 'Operating Hours', 167);
insert into HOURS (start_time, end_time, time_name, rest_id) values ('9:41 AM', '7:45 AM', 'Work Hours', 168);
insert into HOURS (start_time, end_time, time_name, rest_id) values ('9:35 AM', '7:35 AM', 'Food Hours', 169);
insert into HOURS (start_time, end_time, time_name, rest_id) values ('9:13 AM', '1:52 PM', 'Food Hours', 170);
insert into HOURS (start_time, end_time, time_name, rest_id) values ('8:01 AM', '10:18 AM', 'Operating Hours', 171);
insert into HOURS (start_time, end_time, time_name, rest_id) values ('8:48 AM', '3:55 AM', 'Open Hours', 172);
insert into HOURS (start_time, end_time, time_name, rest_id) values ('10:21 AM', '9:55 AM', 'Open Hours', 173);
insert into HOURS (start_time, end_time, time_name, rest_id) values ('10:36 AM', '7:58 AM', 'Open Hours', 174);
insert into HOURS (start_time, end_time, time_name, rest_id) values ('9:09 AM', '9:26 AM', 'Open Hours', 175);
insert into HOURS (start_time, end_time, time_name, rest_id) values ('8:33 AM', '10:15 AM', 'Open Hours', 176);
insert into HOURS (start_time, end_time, time_name, rest_id) values ('10:35 AM', '12:18 PM', 'Food Hours', 177);
insert into HOURS (start_time, end_time, time_name, rest_id) values ('8:52 AM', '11:27 AM', 'Work Hours', 178);
insert into HOURS (start_time, end_time, time_name, rest_id) values ('8:49 AM', '12:05 PM', 'Food Hours', 179);
insert into HOURS (start_time, end_time, time_name, rest_id) values ('8:53 AM', '8:13 AM', 'Food Hours', 180);
insert into HOURS (start_time, end_time, time_name, rest_id) values ('9:39 AM', '6:04 AM', 'Work Hours', 181);
insert into HOURS (start_time, end_time, time_name, rest_id) values ('8:10 AM', '12:10 PM', 'Open Hours', 182);
insert into HOURS (start_time, end_time, time_name, rest_id) values ('10:21 AM', '12:52 PM', 'Operating Hours', 183);
insert into HOURS (start_time, end_time, time_name, rest_id) values ('9:28 AM', '10:39 AM', 'Open Hours', 184);
insert into HOURS (start_time, end_time, time_name, rest_id) values ('10:23 AM', '7:19 AM', 'Operating Hours', 185);
insert into HOURS (start_time, end_time, time_name, rest_id) values ('10:01 AM', '5:53 AM', 'Work Hours', 186);
insert into HOURS (start_time, end_time, time_name, rest_id) values ('10:22 AM', '12:43 PM', 'Operating Hours', 187);
insert into HOURS (start_time, end_time, time_name, rest_id) values ('9:36 AM', '12:04 PM', 'Operating Hours', 188);
insert into HOURS (start_time, end_time, time_name, rest_id) values ('10:43 AM', '1:33 PM', 'Operating Hours', 189);
insert into HOURS (start_time, end_time, time_name, rest_id) values ('10:40 AM', '8:18 AM', 'Food Hours', 190);
insert into HOURS (start_time, end_time, time_name, rest_id) values ('9:33 AM', '5:35 AM', 'Food Hours', 191);
insert into HOURS (start_time, end_time, time_name, rest_id) values ('10:33 AM', '10:20 AM', 'Work Hours', 192);
insert into HOURS (start_time, end_time, time_name, rest_id) values ('8:14 AM', '2:15 AM', 'Open Hours', 193);
insert into HOURS (start_time, end_time, time_name, rest_id) values ('9:12 AM', '11:59 AM', 'Work Hours', 194);
insert into HOURS (start_time, end_time, time_name, rest_id) values ('8:26 AM', '2:46 AM', 'Open Hours', 195);
insert into HOURS (start_time, end_time, time_name, rest_id) values ('10:26 AM', '9:27 AM', 'Open Hours', 196);
insert into HOURS (start_time, end_time, time_name, rest_id) values ('10:56 AM', '5:39 AM', 'Work Hours', 197);
insert into HOURS (start_time, end_time, time_name, rest_id) values ('10:00 AM', '1:21 PM', 'Open Hours', 198);
insert into HOURS (start_time, end_time, time_name, rest_id) values ('8:46 AM', '11:02 AM', 'Work Hours', 199);
insert into HOURS (start_time, end_time, time_name, rest_id) values ('8:03 AM', '8:32 AM', 'Food Hours', 200);
insert into HOURS (start_time, end_time, time_name, rest_id) values ('8:36 AM', '5:55 AM', 'Food Hours', 201);
insert into HOURS (start_time, end_time, time_name, rest_id) values ('9:31 AM', '2:41 AM', 'Food Hours', 202);
insert into HOURS (start_time, end_time, time_name, rest_id) values ('9:22 AM', '10:00 AM', 'Work Hours', 203);
insert into HOURS (start_time, end_time, time_name, rest_id) values ('8:44 AM', '3:37 AM', 'Operating Hours', 204);
insert into HOURS (start_time, end_time, time_name, rest_id) values ('8:35 AM', '1:52 PM', 'Open Hours', 205);
insert into HOURS (start_time, end_time, time_name, rest_id) values ('10:49 AM', '10:31 AM', 'Open Hours', 206);
insert into HOURS (start_time, end_time, time_name, rest_id) values ('9:44 AM', '11:55 AM', 'Work Hours', 207);
insert into HOURS (start_time, end_time, time_name, rest_id) values ('8:19 AM', '3:29 AM', 'Work Hours', 208);
insert into HOURS (start_time, end_time, time_name, rest_id) values ('8:59 AM', '6:41 AM', 'Open Hours', 209);
insert into HOURS (start_time, end_time, time_name, rest_id) values ('10:43 AM', '11:45 AM', 'Work Hours', 210);
insert into HOURS (start_time, end_time, time_name, rest_id) values ('8:49 AM', '1:11 PM', 'Food Hours', 211);
insert into HOURS (start_time, end_time, time_name, rest_id) values ('8:27 AM', '2:54 AM', 'Food Hours', 212);
insert into HOURS (start_time, end_time, time_name, rest_id) values ('9:03 AM', '4:32 AM', 'Food Hours', 213);
insert into HOURS (start_time, end_time, time_name, rest_id) values ('9:24 AM', '2:36 AM', 'Operating Hours', 214);
insert into HOURS (start_time, end_time, time_name, rest_id) values ('10:31 AM', '9:23 AM', 'Open Hours', 215);
insert into HOURS (start_time, end_time, time_name, rest_id) values ('8:14 AM', '8:59 AM', 'Operating Hours', 216);
insert into HOURS (start_time, end_time, time_name, rest_id) values ('8:46 AM', '8:00 AM', 'Operating Hours', 217);
insert into HOURS (start_time, end_time, time_name, rest_id) values ('10:08 AM', '10:24 AM', 'Work Hours', 218);
insert into HOURS (start_time, end_time, time_name, rest_id) values ('9:45 AM', '5:28 AM', 'Food Hours', 219);
insert into HOURS (start_time, end_time, time_name, rest_id) values ('8:21 AM', '9:08 AM', 'Operating Hours', 220);
insert into HOURS (start_time, end_time, time_name, rest_id) values ('8:56 AM', '8:34 AM', 'Open Hours', 221);
insert into HOURS (start_time, end_time, time_name, rest_id) values ('9:51 AM', '5:25 AM', 'Operating Hours', 222);
insert into HOURS (start_time, end_time, time_name, rest_id) values ('9:10 AM', '4:39 AM', 'Operating Hours', 223);
insert into HOURS (start_time, end_time, time_name, rest_id) values ('10:20 AM', '4:42 AM', 'Open Hours', 224);
insert into HOURS (start_time, end_time, time_name, rest_id) values ('10:17 AM', '3:34 AM', 'Open Hours', 225);
insert into HOURS (start_time, end_time, time_name, rest_id) values ('10:59 AM', '3:27 AM', 'Open Hours', 226);
insert into HOURS (start_time, end_time, time_name, rest_id) values ('9:09 AM', '9:26 AM', 'Operating Hours', 227);
insert into HOURS (start_time, end_time, time_name, rest_id) values ('10:27 AM', '11:25 AM', 'Open Hours', 228);
insert into HOURS (start_time, end_time, time_name, rest_id) values ('10:18 AM', '10:57 AM', 'Open Hours', 229);
insert into HOURS (start_time, end_time, time_name, rest_id) values ('8:13 AM', '11:38 AM', 'Operating Hours', 230);
insert into HOURS (start_time, end_time, time_name, rest_id) values ('10:13 AM', '1:42 PM', 'Open Hours', 231);
insert into HOURS (start_time, end_time, time_name, rest_id) values ('9:42 AM', '9:45 AM', 'Work Hours', 232);
insert into HOURS (start_time, end_time, time_name, rest_id) values ('9:27 AM', '4:08 AM', 'Open Hours', 233);
insert into HOURS (start_time, end_time, time_name, rest_id) values ('10:48 AM', '12:50 PM', 'Operating Hours', 234);
insert into HOURS (start_time, end_time, time_name, rest_id) values ('9:59 AM', '4:30 AM', 'Open Hours', 235);
insert into HOURS (start_time, end_time, time_name, rest_id) values ('9:23 AM', '1:30 PM', 'Open Hours', 236);
insert into HOURS (start_time, end_time, time_name, rest_id) values ('9:36 AM', '9:27 AM', 'Food Hours', 237);
insert into HOURS (start_time, end_time, time_name, rest_id) values ('10:31 AM', '5:45 AM', 'Operating Hours', 238);
insert into HOURS (start_time, end_time, time_name, rest_id) values ('9:09 AM', '8:19 AM', 'Food Hours', 239);
insert into HOURS (start_time, end_time, time_name, rest_id) values ('8:18 AM', '12:44 PM', 'Food Hours', 240);
insert into HOURS (start_time, end_time, time_name, rest_id) values ('8:25 AM', '12:50 PM', 'Work Hours', 241);
insert into HOURS (start_time, end_time, time_name, rest_id) values ('10:28 AM', '9:44 AM', 'Operating Hours', 242);
insert into HOURS (start_time, end_time, time_name, rest_id) values ('10:42 AM', '2:28 AM', 'Operating Hours', 243);
insert into HOURS (start_time, end_time, time_name, rest_id) values ('10:22 AM', '4:57 AM', 'Open Hours', 244);
insert into HOURS (start_time, end_time, time_name, rest_id) values ('8:07 AM', '3:29 AM', 'Open Hours', 245);
insert into HOURS (start_time, end_time, time_name, rest_id) values ('10:58 AM', '2:41 AM', 'Operating Hours', 246);
insert into HOURS (start_time, end_time, time_name, rest_id) values ('9:58 AM', '3:22 AM', 'Operating Hours', 247);
insert into HOURS (start_time, end_time, time_name, rest_id) values ('10:22 AM', '8:02 AM', 'Work Hours', 248);
insert into HOURS (start_time, end_time, time_name, rest_id) values ('10:36 AM', '4:51 AM', 'Operating Hours', 249);
insert into HOURS (start_time, end_time, time_name, rest_id) values ('10:46 AM', '11:43 AM', 'Work Hours', 250);

------------------- END OF HOURS INSERTIONS-------------------------------
------------------- BEGINNING OF RCONTACT INSERTIONS----------------------


insert into RCONTACT (email, phone_number, rest_id) values ('ddoul0@businessweek.com', '5243587137', 1);
insert into RCONTACT (email, phone_number, rest_id) values ('sschettini1@economist.com', '2505828719', 2);
insert into RCONTACT (email, phone_number, rest_id) values ('atommis2@java.com', '5091976141', 3);
insert into RCONTACT (email, phone_number, rest_id) values ('cdoers3@sphinn.com', '5072299875', 4);
insert into RCONTACT (email, phone_number, rest_id) values ('rverdun4@cyberchimps.com', '8552730060', 5);
insert into RCONTACT (email, phone_number, rest_id) values ('ntabbernor5@theatlantic.com', '3265513133', 6);
insert into RCONTACT (email, phone_number, rest_id) values ('kleask6@apache.org', '6395274156', 7);
insert into RCONTACT (email, phone_number, rest_id) values ('omaliphant7@qq.com', '3246244388', 8);
insert into RCONTACT (email, phone_number, rest_id) values ('eboggas8@canalblog.com', '4569653046', 9);
insert into RCONTACT (email, phone_number, rest_id) values ('fsuter9@bbc.co.uk', '6668734866', 10);
insert into RCONTACT (email, phone_number, rest_id) values ('cquarrella@utexas.edu', '4892424853', 11);
insert into RCONTACT (email, phone_number, rest_id) values ('mlacotteb@seesaa.net', '5323144663', 12);
insert into RCONTACT (email, phone_number, rest_id) values ('bfarrenc@photobucket.com', '4836153559', 13);
insert into RCONTACT (email, phone_number, rest_id) values ('vconsterdined@ebay.com', '6732704586', 14);
insert into RCONTACT (email, phone_number, rest_id) values ('nspieghte@jugem.jp', '2547978676', 15);
insert into RCONTACT (email, phone_number, rest_id) values ('dchichgarf@dailymotion.com', '8692685137', 16);
insert into RCONTACT (email, phone_number, rest_id) values ('hcraytong@narod.ru', '9923686877', 17);
insert into RCONTACT (email, phone_number, rest_id) values ('dildenh@wordpress.org', '2366751190', 18);
insert into RCONTACT (email, phone_number, rest_id) values ('mstonieri@wp.com', '2016987062', 19);
insert into RCONTACT (email, phone_number, rest_id) values ('tsmileyj@lycos.com', '3487987568', 20);
insert into RCONTACT (email, phone_number, rest_id) values ('dsauvaink@so-net.ne.jp', '8974635555', 21);
insert into RCONTACT (email, phone_number, rest_id) values ('vbloxsoml@drupal.org', '3115434281', 22);
insert into RCONTACT (email, phone_number, rest_id) values ('lposvnerm@reverbnation.com', '6041292345', 23);
insert into RCONTACT (email, phone_number, rest_id) values ('eglynen@wired.com', '1007819707', 24);
insert into RCONTACT (email, phone_number, rest_id) values ('akayneo@chronoengine.com', '1198945348', 25);
insert into RCONTACT (email, phone_number, rest_id) values ('kgobolosp@sfgate.com', '8643904847', 26);
insert into RCONTACT (email, phone_number, rest_id) values ('maingellq@goo.gl', '8312609152', 27);
insert into RCONTACT (email, phone_number, rest_id) values ('dcrockleyr@facebook.com', '1403265667', 28);
insert into RCONTACT (email, phone_number, rest_id) values ('fbuttfields@hc360.com', '3378448802', 29);
insert into RCONTACT (email, phone_number, rest_id) values ('gbullimoret@cbsnews.com', '3847159458', 30);
insert into RCONTACT (email, phone_number, rest_id) values ('cellinoru@prnewswire.com', '6375757118', 31);
insert into RCONTACT (email, phone_number, rest_id) values ('mmactimpanyv@gmpg.org', '7769421520', 32);
insert into RCONTACT (email, phone_number, rest_id) values ('ccoombsw@google.co.jp', '9903614304', 33);
insert into RCONTACT (email, phone_number, rest_id) values ('scarlissox@un.org', '1674676114', 34);
insert into RCONTACT (email, phone_number, rest_id) values ('rgianettiniy@livejournal.com', '4432165696', 35);
insert into RCONTACT (email, phone_number, rest_id) values ('aelyz@ifeng.com', '5619887150', 36);
insert into RCONTACT (email, phone_number, rest_id) values ('ytalboy10@va.gov', '2801345329', 37);
insert into RCONTACT (email, phone_number, rest_id) values ('tceney11@diigo.com', '6472519436', 38);
insert into RCONTACT (email, phone_number, rest_id) values ('mjossel12@fda.gov', '6801292380', 39);
insert into RCONTACT (email, phone_number, rest_id) values ('chorrod13@foxnews.com', '9728036878', 40);
insert into RCONTACT (email, phone_number, rest_id) values ('ksattin14@gizmodo.com', '1592927424', 41);
insert into RCONTACT (email, phone_number, rest_id) values ('bloghan15@studiopress.com', '9183499335', 42);
insert into RCONTACT (email, phone_number, rest_id) values ('hleary16@stanford.edu', '9256611079', 43);
insert into RCONTACT (email, phone_number, rest_id) values ('dheugle17@skyrock.com', '6199480831', 44);
insert into RCONTACT (email, phone_number, rest_id) values ('dswigger18@ft.com', '9349635047', 45);
insert into RCONTACT (email, phone_number, rest_id) values ('bdawidowicz19@npr.org', '3637687347', 46);
insert into RCONTACT (email, phone_number, rest_id) values ('mbrownbill1a@wordpress.com', '5625218774', 47);
insert into RCONTACT (email, phone_number, rest_id) values ('mcarmont1b@storify.com', '3366258315', 48);
insert into RCONTACT (email, phone_number, rest_id) values ('sperin1c@i2i.jp', '9366154223', 49);
insert into RCONTACT (email, phone_number, rest_id) values ('tferrara1d@bizjournals.com', '5917377057', 50);
insert into RCONTACT (email, phone_number, rest_id) values ('bcameli1e@flavors.me', '7608305872', 51);
insert into RCONTACT (email, phone_number, rest_id) values ('scrumpton1f@merriam-webster.com', '1844249578', 52);
insert into RCONTACT (email, phone_number, rest_id) values ('epurviss1g@deliciousdays.com', '5917334628', 53);
insert into RCONTACT (email, phone_number, rest_id) values ('fbrecknall1h@cornell.edu', '4991594576', 54);
insert into RCONTACT (email, phone_number, rest_id) values ('nrodger1i@symantec.com', '3359418865', 55);
insert into RCONTACT (email, phone_number, rest_id) values ('otheaker1j@umich.edu', '5824329142', 56);
insert into RCONTACT (email, phone_number, rest_id) values ('scourtier1k@msn.com', '3252307953', 57);
insert into RCONTACT (email, phone_number, rest_id) values ('ddinjes1l@engadget.com', '6318736700', 58);
insert into RCONTACT (email, phone_number, rest_id) values ('dlombardo1m@bbb.org', '3967078655', 59);
insert into RCONTACT (email, phone_number, rest_id) values ('slumbly1n@usa.gov', '6989206445', 60);
insert into RCONTACT (email, phone_number, rest_id) values ('ndomingues1o@nymag.com', '1643404856', 61);
insert into RCONTACT (email, phone_number, rest_id) values ('cyele1p@army.mil', '5023849828', 62);
insert into RCONTACT (email, phone_number, rest_id) values ('ahargerie1q@senate.gov', '1087237589', 63);
insert into RCONTACT (email, phone_number, rest_id) values ('psimmans1r@go.com', '4852249571', 64);
insert into RCONTACT (email, phone_number, rest_id) values ('awathall1s@wikispaces.com', '5149295345', 65);
insert into RCONTACT (email, phone_number, rest_id) values ('alevesley1t@epa.gov', '3995725548', 66);
insert into RCONTACT (email, phone_number, rest_id) values ('gdaulton1u@imageshack.us', '2417688883', 67);
insert into RCONTACT (email, phone_number, rest_id) values ('avanin1v@google.nl', '3502880048', 68);
insert into RCONTACT (email, phone_number, rest_id) values ('jwickwar1w@mozilla.org', '4415323767', 69);
insert into RCONTACT (email, phone_number, rest_id) values ('manthon1x@businessinsider.com', '6103570420', 70);
insert into RCONTACT (email, phone_number, rest_id) values ('pmccaghan1y@surveymonkey.com', '2544242825', 71);
insert into RCONTACT (email, phone_number, rest_id) values ('mgiampietro1z@intel.com', '7074504179', 72);
insert into RCONTACT (email, phone_number, rest_id) values ('zfann20@barnesandnoble.com', '1159227817', 73);
insert into RCONTACT (email, phone_number, rest_id) values ('sbevans21@merriam-webster.com', '4068023571', 74);
insert into RCONTACT (email, phone_number, rest_id) values ('gvatcher22@cisco.com', '8828715934', 75);
insert into RCONTACT (email, phone_number, rest_id) values ('ztregea23@mayoclinic.com', '3161083286', 76);
insert into RCONTACT (email, phone_number, rest_id) values ('ahryniewicki24@networksolutions.com', '6937261161', 77);
insert into RCONTACT (email, phone_number, rest_id) values ('khartman25@pcworld.com', '3748751555', 78);
insert into RCONTACT (email, phone_number, rest_id) values ('ldemanche26@aboutads.info', '3921206756', 79);
insert into RCONTACT (email, phone_number, rest_id) values ('gackenhead27@ed.gov', '7439523488', 80);
insert into RCONTACT (email, phone_number, rest_id) values ('amailes28@digg.com', '5803972413', 81);
insert into RCONTACT (email, phone_number, rest_id) values ('adomesday29@ucsd.edu', '3968472991', 82);
insert into RCONTACT (email, phone_number, rest_id) values ('abater2a@statcounter.com', '7696621486', 83);
insert into RCONTACT (email, phone_number, rest_id) values ('friping2b@mail.ru', '5215193325', 84);
insert into RCONTACT (email, phone_number, rest_id) values ('pshieldon2c@yale.edu', '4428974508', 85);
insert into RCONTACT (email, phone_number, rest_id) values ('fdash2d@latimes.com', '8236006298', 86);
insert into RCONTACT (email, phone_number, rest_id) values ('fhowgego2e@blogtalkradio.com', '7932388661', 87);
insert into RCONTACT (email, phone_number, rest_id) values ('sveque2f@dell.com', '1259017615', 88);
insert into RCONTACT (email, phone_number, rest_id) values ('kandretti2g@icq.com', '1246306300', 89);
insert into RCONTACT (email, phone_number, rest_id) values ('mhebble2h@msn.com', '8895858260', 90);
insert into RCONTACT (email, phone_number, rest_id) values ('jclemenson2i@woothemes.com', '5252663220', 91);
insert into RCONTACT (email, phone_number, rest_id) values ('sgolton2j@ted.com', '6319118176', 92);
insert into RCONTACT (email, phone_number, rest_id) values ('cchippendale2k@hugedomains.com', '4051182478', 93);
insert into RCONTACT (email, phone_number, rest_id) values ('bhaines2l@imdb.com', '5585119127', 94);
insert into RCONTACT (email, phone_number, rest_id) values ('lwalsh2m@netvibes.com', '9983772368', 95);
insert into RCONTACT (email, phone_number, rest_id) values ('cwoolner2n@e-recht24.de', '4669656213', 96);
insert into RCONTACT (email, phone_number, rest_id) values ('ecasali2o@blogger.com', '5482501491', 97);
insert into RCONTACT (email, phone_number, rest_id) values ('adurrad2p@com.com', '3483717948', 98);
insert into RCONTACT (email, phone_number, rest_id) values ('rfindlow2q@sina.com.cn', '7519726360', 99);
insert into RCONTACT (email, phone_number, rest_id) values ('nblaine2r@imageshack.us', '2032217485', 100);
insert into RCONTACT (email, phone_number, rest_id) values ('blaffling2s@adobe.com', '9941440836', 101);
insert into RCONTACT (email, phone_number, rest_id) values ('wwinspear2t@smugmug.com', '7629925606', 102);
insert into RCONTACT (email, phone_number, rest_id) values ('aivanenkov2u@arstechnica.com', '7864955402', 103);
insert into RCONTACT (email, phone_number, rest_id) values ('jhagerty2v@artisteer.com', '3133211200', 104);
insert into RCONTACT (email, phone_number, rest_id) values ('ktulleth2w@google.co.uk', '3568698501', 105);
insert into RCONTACT (email, phone_number, rest_id) values ('cloiterton2x@hostgator.com', '7556929238', 106);
insert into RCONTACT (email, phone_number, rest_id) values ('lsiaskowski2y@reference.com', '3241769370', 107);
insert into RCONTACT (email, phone_number, rest_id) values ('sbilofsky2z@bigcartel.com', '1624518893', 108);
insert into RCONTACT (email, phone_number, rest_id) values ('dhonnan30@wired.com', '5808423208', 109);
insert into RCONTACT (email, phone_number, rest_id) values ('mbrunotti31@yelp.com', '8591832073', 110);
insert into RCONTACT (email, phone_number, rest_id) values ('mvanderstraaten32@google.es', '7189359549', 111);
insert into RCONTACT (email, phone_number, rest_id) values ('sdowsey33@google.com.hk', '1075254379', 112);
insert into RCONTACT (email, phone_number, rest_id) values ('ecagan34@chicagotribune.com', '8043804844', 113);
insert into RCONTACT (email, phone_number, rest_id) values ('eraraty35@jigsy.com', '5707321279', 114);
insert into RCONTACT (email, phone_number, rest_id) values ('ltommasetti36@telegraph.co.uk', '5146049224', 115);
insert into RCONTACT (email, phone_number, rest_id) values ('kheinl37@addtoany.com', '2848389192', 116);
insert into RCONTACT (email, phone_number, rest_id) values ('cmcconnal38@gravatar.com', '4248140127', 117);
insert into RCONTACT (email, phone_number, rest_id) values ('llaughlan39@google.ca', '8591414420', 118);
insert into RCONTACT (email, phone_number, rest_id) values ('ozuanelli3a@geocities.com', '1415708133', 119);
insert into RCONTACT (email, phone_number, rest_id) values ('aenzley3b@psu.edu', '3207581312', 120);
insert into RCONTACT (email, phone_number, rest_id) values ('edigance3c@ihg.com', '1305508764', 121);
insert into RCONTACT (email, phone_number, rest_id) values ('asmees3d@bing.com', '3346956658', 122);
insert into RCONTACT (email, phone_number, rest_id) values ('egarioch3e@whitehouse.gov', '8731194328', 123);
insert into RCONTACT (email, phone_number, rest_id) values ('traunds3f@mapquest.com', '9138827827', 124);
insert into RCONTACT (email, phone_number, rest_id) values ('crodnight3g@cdc.gov', '6432104547', 125);
insert into RCONTACT (email, phone_number, rest_id) values ('bcurme3h@nbcnews.com', '8449092510', 126);
insert into RCONTACT (email, phone_number, rest_id) values ('hodooley3i@wikimedia.org', '5898040613', 127);
insert into RCONTACT (email, phone_number, rest_id) values ('bhospital3j@t.co', '6503191049', 128);
insert into RCONTACT (email, phone_number, rest_id) values ('edurno3k@wordpress.org', '4463321796', 129);
insert into RCONTACT (email, phone_number, rest_id) values ('wcahalan3l@vimeo.com', '1102241567', 130);
insert into RCONTACT (email, phone_number, rest_id) values ('kmccoole3m@businessinsider.com', '7179206936', 131);
insert into RCONTACT (email, phone_number, rest_id) values ('lboughey3n@biblegateway.com', '9116339456', 132);
insert into RCONTACT (email, phone_number, rest_id) values ('hbartol3o@nydailynews.com', '2227601810', 133);
insert into RCONTACT (email, phone_number, rest_id) values ('acarne3p@comcast.net', '1424695816', 134);
insert into RCONTACT (email, phone_number, rest_id) values ('rfudge3q@cdc.gov', '1079596812', 135);
insert into RCONTACT (email, phone_number, rest_id) values ('ctredgold3r@networkadvertising.org', '9137026971', 136);
insert into RCONTACT (email, phone_number, rest_id) values ('krougier3s@imageshack.us', '7913535994', 137);
insert into RCONTACT (email, phone_number, rest_id) values ('nforrest3t@va.gov', '5583064604', 138);
insert into RCONTACT (email, phone_number, rest_id) values ('mduffell3u@irs.gov', '5022884062', 139);
insert into RCONTACT (email, phone_number, rest_id) values ('wquinane3v@foxnews.com', '6363161184', 140);
insert into RCONTACT (email, phone_number, rest_id) values ('bbarnhart3w@amazon.de', '3029981170', 141);
insert into RCONTACT (email, phone_number, rest_id) values ('delsy3x@mapy.cz', '3694670099', 142);
insert into RCONTACT (email, phone_number, rest_id) values ('cgoldney3y@jigsy.com', '8125095145', 143);
insert into RCONTACT (email, phone_number, rest_id) values ('hcorbould3z@themeforest.net', '2967965460', 144);
insert into RCONTACT (email, phone_number, rest_id) values ('wrundle40@gnu.org', '9981174587', 145);
insert into RCONTACT (email, phone_number, rest_id) values ('lchecchetelli41@europa.eu', '5027366436', 146);
insert into RCONTACT (email, phone_number, rest_id) values ('zpears42@flickr.com', '6025109000', 147);
insert into RCONTACT (email, phone_number, rest_id) values ('smintoft43@va.gov', '9767642406', 148);
insert into RCONTACT (email, phone_number, rest_id) values ('crowat44@drupal.org', '5468367227', 149);
insert into RCONTACT (email, phone_number, rest_id) values ('moverstreet45@t-online.de', '1902798623', 150);
insert into RCONTACT (email, phone_number, rest_id) values ('eregis46@independent.co.uk', '4568041993', 151);
insert into RCONTACT (email, phone_number, rest_id) values ('braubheim47@rediff.com', '4053475115', 152);
insert into RCONTACT (email, phone_number, rest_id) values ('tducker48@icq.com', '7338283906', 153);
insert into RCONTACT (email, phone_number, rest_id) values ('jbettenay49@51.la', '4877409521', 154);
insert into RCONTACT (email, phone_number, rest_id) values ('erens4a@nsw.gov.au', '5349493289', 155);
insert into RCONTACT (email, phone_number, rest_id) values ('kmcaviy4b@sfgate.com', '9331346184', 156);
insert into RCONTACT (email, phone_number, rest_id) values ('tmansford4c@mysql.com', '5598090478', 157);
insert into RCONTACT (email, phone_number, rest_id) values ('adavydoch4d@state.gov', '2022615208', 158);
insert into RCONTACT (email, phone_number, rest_id) values ('kthorius4e@google.co.jp', '7095305967', 159);
insert into RCONTACT (email, phone_number, rest_id) values ('cmawne4f@simplemachines.org', '4979832322', 160);
insert into RCONTACT (email, phone_number, rest_id) values ('bvial4g@unesco.org', '2791569585', 161);
insert into RCONTACT (email, phone_number, rest_id) values ('kskerme4h@sitemeter.com', '1195979294', 162);
insert into RCONTACT (email, phone_number, rest_id) values ('mlucus4i@fotki.com', '7236952403', 163);
insert into RCONTACT (email, phone_number, rest_id) values ('foland4j@marriott.com', '8882655440', 164);
insert into RCONTACT (email, phone_number, rest_id) values ('mseczyk4k@hc360.com', '3095362573', 165);
insert into RCONTACT (email, phone_number, rest_id) values ('shirth4l@goodreads.com', '2923872443', 166);
insert into RCONTACT (email, phone_number, rest_id) values ('mfreathy4m@shop-pro.jp', '4278357142', 167);
insert into RCONTACT (email, phone_number, rest_id) values ('lkirsop4n@hugedomains.com', '6493505967', 168);
insert into RCONTACT (email, phone_number, rest_id) values ('jwarren4o@sohu.com', '6355667926', 169);
insert into RCONTACT (email, phone_number, rest_id) values ('vkesby4p@netvibes.com', '6009531903', 170);
insert into RCONTACT (email, phone_number, rest_id) values ('fhales4q@mayoclinic.com', '2882448002', 171);
insert into RCONTACT (email, phone_number, rest_id) values ('jhunnicutt4r@chronoengine.com', '4561924447', 172);
insert into RCONTACT (email, phone_number, rest_id) values ('abulteel4s@craigslist.org', '8532185567', 173);
insert into RCONTACT (email, phone_number, rest_id) values ('ufatscher4t@linkedin.com', '1179509524', 174);
insert into RCONTACT (email, phone_number, rest_id) values ('epogosian4u@sciencedirect.com', '8293308523', 175);
insert into RCONTACT (email, phone_number, rest_id) values ('mhalburton4v@google.de', '9438805672', 176);
insert into RCONTACT (email, phone_number, rest_id) values ('jcarslaw4w@time.com', '7611767784', 177);
insert into RCONTACT (email, phone_number, rest_id) values ('acurrin4x@creativecommons.org', '1238099179', 178);
insert into RCONTACT (email, phone_number, rest_id) values ('sshemmans4y@jigsy.com', '8813325028', 179);
insert into RCONTACT (email, phone_number, rest_id) values ('ltreadgall4z@wiley.com', '7101274006', 180);
insert into RCONTACT (email, phone_number, rest_id) values ('bbrannigan50@wordpress.org', '2377966639', 181);
insert into RCONTACT (email, phone_number, rest_id) values ('tcuberley51@plala.or.jp', '2777672366', 182);
insert into RCONTACT (email, phone_number, rest_id) values ('sfewtrell52@about.me', '3145551794', 183);
insert into RCONTACT (email, phone_number, rest_id) values ('vpolkinghorne53@behance.net', '1334847634', 184);
insert into RCONTACT (email, phone_number, rest_id) values ('mpetrulis54@wp.com', '8434182528', 185);
insert into RCONTACT (email, phone_number, rest_id) values ('hnaulty55@unesco.org', '6808623691', 186);
insert into RCONTACT (email, phone_number, rest_id) values ('gattersoll56@amazon.com', '4828838502', 187);
insert into RCONTACT (email, phone_number, rest_id) values ('tmoral57@wisc.edu', '7143296205', 188);
insert into RCONTACT (email, phone_number, rest_id) values ('bborkett58@baidu.com', '3181789924', 189);
insert into RCONTACT (email, phone_number, rest_id) values ('hayling59@eventbrite.com', '5738170138', 190);
insert into RCONTACT (email, phone_number, rest_id) values ('jbalnave5a@indiegogo.com', '9466148628', 191);
insert into RCONTACT (email, phone_number, rest_id) values ('jferreo5b@reference.com', '5312621584', 192);
insert into RCONTACT (email, phone_number, rest_id) values ('rmcgee5c@tripod.com', '8983009803', 193);
insert into RCONTACT (email, phone_number, rest_id) values ('mtulloch5d@github.io', '1153324864', 194);
insert into RCONTACT (email, phone_number, rest_id) values ('snewark5e@newsvine.com', '6194113094', 195);
insert into RCONTACT (email, phone_number, rest_id) values ('jcrumley5f@utexas.edu', '7513312177', 196);
insert into RCONTACT (email, phone_number, rest_id) values ('dfaulconer5g@weather.com', '1456138964', 197);
insert into RCONTACT (email, phone_number, rest_id) values ('gkleinpeltz5h@weibo.com', '7519830038', 198);
insert into RCONTACT (email, phone_number, rest_id) values ('hpenwright5i@wix.com', '2014198977', 199);
insert into RCONTACT (email, phone_number, rest_id) values ('kmacek5j@oracle.com', '3114587237', 200);
insert into RCONTACT (email, phone_number, rest_id) values ('jleedes5k@hp.com', '8078072669', 201);
insert into RCONTACT (email, phone_number, rest_id) values ('klorait5l@apple.com', '7612567568', 202);
insert into RCONTACT (email, phone_number, rest_id) values ('tbly5m@imdb.com', '9676289039', 203);
insert into RCONTACT (email, phone_number, rest_id) values ('tguinan5n@weibo.com', '6565346653', 204);
insert into RCONTACT (email, phone_number, rest_id) values ('cyoslowitz5o@dailymotion.com', '7524936348', 205);
insert into RCONTACT (email, phone_number, rest_id) values ('bbonafacino5p@edublogs.org', '9666185438', 206);
insert into RCONTACT (email, phone_number, rest_id) values ('umaltby5q@1688.com', '6868811483', 207);
insert into RCONTACT (email, phone_number, rest_id) values ('gmcnern5r@mozilla.org', '5688488219', 208);
insert into RCONTACT (email, phone_number, rest_id) values ('acuniffe5s@umich.edu', '8992583759', 209);
insert into RCONTACT (email, phone_number, rest_id) values ('kkiehne5t@gravatar.com', '7918144645', 210);
insert into RCONTACT (email, phone_number, rest_id) values ('sharriagn5u@google.cn', '9489887362', 211);
insert into RCONTACT (email, phone_number, rest_id) values ('kwatters5v@mlb.com', '6233664922', 212);
insert into RCONTACT (email, phone_number, rest_id) values ('asaffen5w@alibaba.com', '6803291141', 213);
insert into RCONTACT (email, phone_number, rest_id) values ('khoogendorp5x@ftc.gov', '4182263387', 214);
insert into RCONTACT (email, phone_number, rest_id) values ('kbanbrick5y@marketwatch.com', '7852536823', 215);
insert into RCONTACT (email, phone_number, rest_id) values ('lwhitman5z@is.gd', '4492751549', 216);
insert into RCONTACT (email, phone_number, rest_id) values ('awebland60@scribd.com', '2689628866', 217);
insert into RCONTACT (email, phone_number, rest_id) values ('gmaddin61@ox.ac.uk', '3189591321', 218);
insert into RCONTACT (email, phone_number, rest_id) values ('hruperto62@oaic.gov.au', '4374949427', 219);
insert into RCONTACT (email, phone_number, rest_id) values ('kgoldsbrough63@oracle.com', '7135548401', 220);
insert into RCONTACT (email, phone_number, rest_id) values ('fburds64@wikipedia.org', '4459045287', 221);
insert into RCONTACT (email, phone_number, rest_id) values ('rweaben65@mapy.cz', '9921559023', 222);
insert into RCONTACT (email, phone_number, rest_id) values ('bexcell66@dell.com', '9284867103', 223);
insert into RCONTACT (email, phone_number, rest_id) values ('fblomefield67@delicious.com', '4663214946', 224);
insert into RCONTACT (email, phone_number, rest_id) values ('nbrandin68@ifeng.com', '1598088427', 225);
insert into RCONTACT (email, phone_number, rest_id) values ('ymuslim69@amazon.co.uk', '3721059154', 226);
insert into RCONTACT (email, phone_number, rest_id) values ('wguilaem6a@miibeian.gov.cn', '6609489818', 227);
insert into RCONTACT (email, phone_number, rest_id) values ('lroberts6b@ihg.com', '5565815648', 228);
insert into RCONTACT (email, phone_number, rest_id) values ('rarboine6c@google.nl', '8905147630', 229);
insert into RCONTACT (email, phone_number, rest_id) values ('nclifton6d@wisc.edu', '2988646261', 230);
insert into RCONTACT (email, phone_number, rest_id) values ('ikalinke6e@wikimedia.org', '6052344861', 231);
insert into RCONTACT (email, phone_number, rest_id) values ('psperry6f@linkedin.com', '1073332717', 232);
insert into RCONTACT (email, phone_number, rest_id) values ('dchantrell6g@lulu.com', '4957480806', 233);
insert into RCONTACT (email, phone_number, rest_id) values ('rkissick6h@nbcnews.com', '6535276957', 234);
insert into RCONTACT (email, phone_number, rest_id) values ('ocollumbell6i@gravatar.com', '2839769922', 235);
insert into RCONTACT (email, phone_number, rest_id) values ('mrizzi6j@washingtonpost.com', '4858346941', 236);
insert into RCONTACT (email, phone_number, rest_id) values ('msyms6k@admin.ch', '6083312197', 237);
insert into RCONTACT (email, phone_number, rest_id) values ('bhanscome6l@discuz.net', '3721031946', 238);
insert into RCONTACT (email, phone_number, rest_id) values ('tbowlas6m@baidu.com', '4408568784', 239);
insert into RCONTACT (email, phone_number, rest_id) values ('mbeausang6n@apple.com', '3129263118', 240);
insert into RCONTACT (email, phone_number, rest_id) values ('rscirman6o@adobe.com', '3523017427', 241);
insert into RCONTACT (email, phone_number, rest_id) values ('cdunridge6p@apache.org', '7478489954', 242);
insert into RCONTACT (email, phone_number, rest_id) values ('mgrube6q@1688.com', '4403441409', 243);
insert into RCONTACT (email, phone_number, rest_id) values ('riveagh6r@miibeian.gov.cn', '8413150323', 244);
insert into RCONTACT (email, phone_number, rest_id) values ('sherreros6s@intel.com', '1367017022', 245);
insert into RCONTACT (email, phone_number, rest_id) values ('msemor6t@time.com', '2152850489', 246);
insert into RCONTACT (email, phone_number, rest_id) values ('oagnolo6u@java.com', '6131783870', 247);
insert into RCONTACT (email, phone_number, rest_id) values ('cblanchflower6v@ovh.net', '1353845688', 248);
insert into RCONTACT (email, phone_number, rest_id) values ('lmoynham6w@columbia.edu', '5918289115', 249);
insert into RCONTACT (email, phone_number, rest_id) values ('fballach6x@ft.com', '8503283338', 250);
------------------- END OF RCONTACT INSERTIONS-----------------------------

------------------- BEGINNING OF MENU INSERTIONS---------------------------
insert into MENU (m_name, r_id, LANGUAGE) values ('Food', 1, 'English');
insert into MENU (m_name, r_id, LANGUAGE) values ('TastesForTastes', 2, 'English');
insert into MENU (m_name, r_id, LANGUAGE) values ('TheFood', 3, 'English');
insert into MENU (m_name, r_id, LANGUAGE) values ('Food', 4, 'English');
insert into MENU (m_name, r_id, LANGUAGE) values ('IPromiseItIsFresh', 5, 'English');
insert into MENU (m_name, r_id, LANGUAGE) values ('Yummy', 6, 'English');
insert into MENU (m_name, r_id, LANGUAGE) values ('TheFood', 7, 'English');
insert into MENU (m_name, r_id, LANGUAGE) values ('Food', 8, 'English');
insert into MENU (m_name, r_id, LANGUAGE) values ('IPromiseItIsFresh', 9, 'English');
insert into MENU (m_name, r_id, LANGUAGE) values ('Food', 10, 'English');
insert into MENU (m_name, r_id, LANGUAGE) values ('TheFood', 11, 'English');
insert into MENU (m_name, r_id, LANGUAGE) values ('Yummy', 12, 'English');
insert into MENU (m_name, r_id, LANGUAGE) values ('Food', 13, 'English');
insert into MENU (m_name, r_id, LANGUAGE) values ('TheFood', 14, 'English');
insert into MENU (m_name, r_id, LANGUAGE) values ('Foodish', 15, 'English');
insert into MENU (m_name, r_id, LANGUAGE) values ('TastesForTastes', 16, 'English');
insert into MENU (m_name, r_id, LANGUAGE) values ('Yummy', 17, 'English');
insert into MENU (m_name, r_id, LANGUAGE) values ('TheFood', 18, 'English');
insert into MENU (m_name, r_id, LANGUAGE) values ('Yummy', 19, 'English');
insert into MENU (m_name, r_id, LANGUAGE) values ('Foodish', 20, 'English');
insert into MENU (m_name, r_id, LANGUAGE) values ('Yummy', 21, 'English');
insert into MENU (m_name, r_id, LANGUAGE) values ('TastesForTastes', 22, 'English');
insert into MENU (m_name, r_id, LANGUAGE) values ('Food', 23, 'English');
insert into MENU (m_name, r_id, LANGUAGE) values ('Food', 24, 'English');
insert into MENU (m_name, r_id, LANGUAGE) values ('Food', 25, 'English');
insert into MENU (m_name, r_id, LANGUAGE) values ('IPromiseItIsFresh', 26, 'English');
insert into MENU (m_name, r_id, LANGUAGE) values ('Foodish', 27, 'English');
insert into MENU (m_name, r_id, LANGUAGE) values ('TheFood', 28, 'English');
insert into MENU (m_name, r_id, LANGUAGE) values ('IPromiseItIsFresh', 29, 'English');
insert into MENU (m_name, r_id, LANGUAGE) values ('Foodish', 30, 'English');
insert into MENU (m_name, r_id, LANGUAGE) values ('TheFood', 31, 'English');
insert into MENU (m_name, r_id, LANGUAGE) values ('TheFood', 32, 'English');
insert into MENU (m_name, r_id, LANGUAGE) values ('TastesForTastes', 33, 'English');
insert into MENU (m_name, r_id, LANGUAGE) values ('Foodish', 34, 'English');
insert into MENU (m_name, r_id, LANGUAGE) values ('IPromiseItIsFresh', 35, 'English');
insert into MENU (m_name, r_id, LANGUAGE) values ('Yummy', 36, 'English');
insert into MENU (m_name, r_id, LANGUAGE) values ('Foodish', 37, 'English');
insert into MENU (m_name, r_id, LANGUAGE) values ('Yummy', 38, 'English');
insert into MENU (m_name, r_id, LANGUAGE) values ('Yummy', 39, 'English');
insert into MENU (m_name, r_id, LANGUAGE) values ('TheFood', 40, 'English');
insert into MENU (m_name, r_id, LANGUAGE) values ('Yummy', 41, 'English');
insert into MENU (m_name, r_id, LANGUAGE) values ('IPromiseItIsFresh', 42, 'English');
insert into MENU (m_name, r_id, LANGUAGE) values ('Foodish', 43, 'English');
insert into MENU (m_name, r_id, LANGUAGE) values ('Foodish', 44, 'English');
insert into MENU (m_name, r_id, LANGUAGE) values ('Yummy', 45, 'English');
insert into MENU (m_name, r_id, LANGUAGE) values ('IPromiseItIsFresh', 46, 'English');
insert into MENU (m_name, r_id, LANGUAGE) values ('TastesForTastes', 47, 'English');
insert into MENU (m_name, r_id, LANGUAGE) values ('TastesForTastes', 48, 'English');
insert into MENU (m_name, r_id, LANGUAGE) values ('TheFood', 49, 'English');
insert into MENU (m_name, r_id, LANGUAGE) values ('IPromiseItIsFresh', 50, 'English');
insert into MENU (m_name, r_id, LANGUAGE) values ('TastesForTastes', 51, 'English');
insert into MENU (m_name, r_id, LANGUAGE) values ('Yummy', 52, 'English');
insert into MENU (m_name, r_id, LANGUAGE) values ('Food', 53, 'English');
insert into MENU (m_name, r_id, LANGUAGE) values ('Food', 54, 'English');
insert into MENU (m_name, r_id, LANGUAGE) values ('Foodish', 55, 'English');
insert into MENU (m_name, r_id, LANGUAGE) values ('Foodish', 56, 'English');
insert into MENU (m_name, r_id, LANGUAGE) values ('Yummy', 57, 'English');
insert into MENU (m_name, r_id, LANGUAGE) values ('Food', 58, 'English');
insert into MENU (m_name, r_id, LANGUAGE) values ('TastesForTastes', 59, 'English');
insert into MENU (m_name, r_id, LANGUAGE) values ('Yummy', 60, 'English');
insert into MENU (m_name, r_id, LANGUAGE) values ('TheFood', 61, 'English');
insert into MENU (m_name, r_id, LANGUAGE) values ('TastesForTastes', 62, 'English');
insert into MENU (m_name, r_id, LANGUAGE) values ('TastesForTastes', 63, 'English');
insert into MENU (m_name, r_id, LANGUAGE) values ('Food', 64, 'English');
insert into MENU (m_name, r_id, LANGUAGE) values ('TheFood', 65, 'English');
insert into MENU (m_name, r_id, LANGUAGE) values ('Yummy', 66, 'English');
insert into MENU (m_name, r_id, LANGUAGE) values ('IPromiseItIsFresh', 67, 'English');
insert into MENU (m_name, r_id, LANGUAGE) values ('Food', 68, 'English');
insert into MENU (m_name, r_id, LANGUAGE) values ('Foodish', 69, 'English');
insert into MENU (m_name, r_id, LANGUAGE) values ('Yummy', 70, 'English');
insert into MENU (m_name, r_id, LANGUAGE) values ('Foodish', 71, 'English');
insert into MENU (m_name, r_id, LANGUAGE) values ('TheFood', 72, 'English');
insert into MENU (m_name, r_id, LANGUAGE) values ('Yummy', 73, 'English');
insert into MENU (m_name, r_id, LANGUAGE) values ('Food', 74, 'English');
insert into MENU (m_name, r_id, LANGUAGE) values ('TastesForTastes', 75, 'English');
insert into MENU (m_name, r_id, LANGUAGE) values ('IPromiseItIsFresh', 76, 'English');
insert into MENU (m_name, r_id, LANGUAGE) values ('Yummy', 77, 'English');
insert into MENU (m_name, r_id, LANGUAGE) values ('Food', 78, 'English');
insert into MENU (m_name, r_id, LANGUAGE) values ('TheFood', 79, 'English');
insert into MENU (m_name, r_id, LANGUAGE) values ('Food', 80, 'English');
insert into MENU (m_name, r_id, LANGUAGE) values ('Foodish', 81, 'English');
insert into MENU (m_name, r_id, LANGUAGE) values ('Foodish', 82, 'English');
insert into MENU (m_name, r_id, LANGUAGE) values ('Yummy', 83, 'English');
insert into MENU (m_name, r_id, LANGUAGE) values ('IPromiseItIsFresh', 84, 'English');
insert into MENU (m_name, r_id, LANGUAGE) values ('Food', 85, 'English');
insert into MENU (m_name, r_id, LANGUAGE) values ('TheFood', 86, 'English');
insert into MENU (m_name, r_id, LANGUAGE) values ('TheFood', 87, 'English');
insert into MENU (m_name, r_id, LANGUAGE) values ('TheFood', 88, 'English');
insert into MENU (m_name, r_id, LANGUAGE) values ('Foodish', 89, 'English');
insert into MENU (m_name, r_id, LANGUAGE) values ('Food', 90, 'English');
insert into MENU (m_name, r_id, LANGUAGE) values ('Food', 91, 'English');
insert into MENU (m_name, r_id, LANGUAGE) values ('IPromiseItIsFresh', 92, 'English');
insert into MENU (m_name, r_id, LANGUAGE) values ('IPromiseItIsFresh', 93, 'English');
insert into MENU (m_name, r_id, LANGUAGE) values ('Yummy', 94, 'English');
insert into MENU (m_name, r_id, LANGUAGE) values ('Food', 95, 'English');
insert into MENU (m_name, r_id, LANGUAGE) values ('TheFood', 96, 'English');
insert into MENU (m_name, r_id, LANGUAGE) values ('Yummy', 97, 'English');
insert into MENU (m_name, r_id, LANGUAGE) values ('TheFood', 98, 'English');
insert into MENU (m_name, r_id, LANGUAGE) values ('Foodish', 99, 'English');
insert into MENU (m_name, r_id, LANGUAGE) values ('Food', 100, 'English');
insert into MENU (m_name, r_id, LANGUAGE) values ('TheFood', 101, 'English');
insert into MENU (m_name, r_id, LANGUAGE) values ('TheFood', 102, 'English');
insert into MENU (m_name, r_id, LANGUAGE) values ('IPromiseItIsFresh', 103, 'English');
insert into MENU (m_name, r_id, LANGUAGE) values ('Food', 104, 'English');
insert into MENU (m_name, r_id, LANGUAGE) values ('IPromiseItIsFresh', 105, 'English');
insert into MENU (m_name, r_id, LANGUAGE) values ('Foodish', 106, 'English');
insert into MENU (m_name, r_id, LANGUAGE) values ('Food', 107, 'English');
insert into MENU (m_name, r_id, LANGUAGE) values ('IPromiseItIsFresh', 108, 'English');
insert into MENU (m_name, r_id, LANGUAGE) values ('Foodish', 109, 'English');
insert into MENU (m_name, r_id, LANGUAGE) values ('TastesForTastes', 110, 'English');
insert into MENU (m_name, r_id, LANGUAGE) values ('TheFood', 111, 'English');
insert into MENU (m_name, r_id, LANGUAGE) values ('TastesForTastes', 112, 'English');
insert into MENU (m_name, r_id, LANGUAGE) values ('Yummy', 113, 'English');
insert into MENU (m_name, r_id, LANGUAGE) values ('Food', 114, 'English');
insert into MENU (m_name, r_id, LANGUAGE) values ('TastesForTastes', 115, 'English');
insert into MENU (m_name, r_id, LANGUAGE) values ('Food', 116, 'English');
insert into MENU (m_name, r_id, LANGUAGE) values ('Food', 117, 'English');
insert into MENU (m_name, r_id, LANGUAGE) values ('Food', 118, 'English');
insert into MENU (m_name, r_id, LANGUAGE) values ('Yummy', 119, 'English');
insert into MENU (m_name, r_id, LANGUAGE) values ('Yummy', 120, 'English');
insert into MENU (m_name, r_id, LANGUAGE) values ('IPromiseItIsFresh', 121, 'English');
insert into MENU (m_name, r_id, LANGUAGE) values ('Food', 122, 'English');
insert into MENU (m_name, r_id, LANGUAGE) values ('TastesForTastes', 123, 'English');
insert into MENU (m_name, r_id, LANGUAGE) values ('IPromiseItIsFresh', 124, 'English');
insert into MENU (m_name, r_id, LANGUAGE) values ('Yummy', 125, 'English');
insert into MENU (m_name, r_id, LANGUAGE) values ('Yummy', 126, 'English');
insert into MENU (m_name, r_id, LANGUAGE) values ('IPromiseItIsFresh', 127, 'English');
insert into MENU (m_name, r_id, LANGUAGE) values ('Food', 128, 'English');
insert into MENU (m_name, r_id, LANGUAGE) values ('Food', 129, 'English');
insert into MENU (m_name, r_id, LANGUAGE) values ('Foodish', 130, 'English');
insert into MENU (m_name, r_id, LANGUAGE) values ('Foodish', 131, 'English');
insert into MENU (m_name, r_id, LANGUAGE) values ('Food', 132, 'English');
insert into MENU (m_name, r_id, LANGUAGE) values ('Yummy', 133, 'English');
insert into MENU (m_name, r_id, LANGUAGE) values ('TheFood', 134, 'English');
insert into MENU (m_name, r_id, LANGUAGE) values ('TastesForTastes', 135, 'English');
insert into MENU (m_name, r_id, LANGUAGE) values ('Yummy', 136, 'English');
insert into MENU (m_name, r_id, LANGUAGE) values ('Yummy', 137, 'English');
insert into MENU (m_name, r_id, LANGUAGE) values ('TheFood', 138, 'English');
insert into MENU (m_name, r_id, LANGUAGE) values ('Food', 139, 'English');
insert into MENU (m_name, r_id, LANGUAGE) values ('Foodish', 140, 'English');
insert into MENU (m_name, r_id, LANGUAGE) values ('Yummy', 141, 'English');
insert into MENU (m_name, r_id, LANGUAGE) values ('Yummy', 142, 'English');
insert into MENU (m_name, r_id, LANGUAGE) values ('Yummy', 143, 'English');
insert into MENU (m_name, r_id, LANGUAGE) values ('Foodish', 144, 'English');
insert into MENU (m_name, r_id, LANGUAGE) values ('Yummy', 145, 'English');
insert into MENU (m_name, r_id, LANGUAGE) values ('TastesForTastes', 146, 'English');
insert into MENU (m_name, r_id, LANGUAGE) values ('Food', 147, 'English');
insert into MENU (m_name, r_id, LANGUAGE) values ('TastesForTastes', 148, 'English');
insert into MENU (m_name, r_id, LANGUAGE) values ('IPromiseItIsFresh', 149, 'English');
insert into MENU (m_name, r_id, LANGUAGE) values ('TheFood', 150, 'English');
insert into MENU (m_name, r_id, LANGUAGE) values ('TheFood', 151, 'English');
insert into MENU (m_name, r_id, LANGUAGE) values ('TastesForTastes', 152, 'English');
insert into MENU (m_name, r_id, LANGUAGE) values ('Food', 153, 'English');
insert into MENU (m_name, r_id, LANGUAGE) values ('TheFood', 154, 'English');
insert into MENU (m_name, r_id, LANGUAGE) values ('Food', 155, 'English');
insert into MENU (m_name, r_id, LANGUAGE) values ('Foodish', 156, 'English');
insert into MENU (m_name, r_id, LANGUAGE) values ('Yummy', 157, 'English');
insert into MENU (m_name, r_id, LANGUAGE) values ('TastesForTastes', 158, 'English');
insert into MENU (m_name, r_id, LANGUAGE) values ('Yummy', 159, 'English');
insert into MENU (m_name, r_id, LANGUAGE) values ('TastesForTastes', 160, 'English');
insert into MENU (m_name, r_id, LANGUAGE) values ('Food', 161, 'English');
insert into MENU (m_name, r_id, LANGUAGE) values ('Foodish', 162, 'English');
insert into MENU (m_name, r_id, LANGUAGE) values ('Yummy', 163, 'English');
insert into MENU (m_name, r_id, LANGUAGE) values ('Yummy', 164, 'English');
insert into MENU (m_name, r_id, LANGUAGE) values ('Foodish', 165, 'English');
insert into MENU (m_name, r_id, LANGUAGE) values ('Food', 166, 'English');
insert into MENU (m_name, r_id, LANGUAGE) values ('Food', 167, 'English');
insert into MENU (m_name, r_id, LANGUAGE) values ('Yummy', 168, 'English');
insert into MENU (m_name, r_id, LANGUAGE) values ('Yummy', 169, 'English');
insert into MENU (m_name, r_id, LANGUAGE) values ('TastesForTastes', 170, 'English');
insert into MENU (m_name, r_id, LANGUAGE) values ('Food', 171, 'English');
insert into MENU (m_name, r_id, LANGUAGE) values ('TheFood', 172, 'English');
insert into MENU (m_name, r_id, LANGUAGE) values ('TheFood', 173, 'English');
insert into MENU (m_name, r_id, LANGUAGE) values ('IPromiseItIsFresh', 174, 'English');
insert into MENU (m_name, r_id, LANGUAGE) values ('Food', 175, 'English');
insert into MENU (m_name, r_id, LANGUAGE) values ('TheFood', 176, 'English');
insert into MENU (m_name, r_id, LANGUAGE) values ('Food', 177, 'English');
insert into MENU (m_name, r_id, LANGUAGE) values ('IPromiseItIsFresh', 178, 'English');
insert into MENU (m_name, r_id, LANGUAGE) values ('IPromiseItIsFresh', 179, 'English');
insert into MENU (m_name, r_id, LANGUAGE) values ('TheFood', 180, 'English');
insert into MENU (m_name, r_id, LANGUAGE) values ('Foodish', 181, 'English');
insert into MENU (m_name, r_id, LANGUAGE) values ('IPromiseItIsFresh', 182, 'English');
insert into MENU (m_name, r_id, LANGUAGE) values ('TastesForTastes', 183, 'English');
insert into MENU (m_name, r_id, LANGUAGE) values ('TheFood', 184, 'English');
insert into MENU (m_name, r_id, LANGUAGE) values ('TastesForTastes', 185, 'English');
insert into MENU (m_name, r_id, LANGUAGE) values ('TastesForTastes', 186, 'English');
insert into MENU (m_name, r_id, LANGUAGE) values ('Yummy', 187, 'English');
insert into MENU (m_name, r_id, LANGUAGE) values ('TastesForTastes', 188, 'English');
insert into MENU (m_name, r_id, LANGUAGE) values ('Food', 189, 'English');
insert into MENU (m_name, r_id, LANGUAGE) values ('TastesForTastes', 190, 'English');
insert into MENU (m_name, r_id, LANGUAGE) values ('Foodish', 191, 'English');
insert into MENU (m_name, r_id, LANGUAGE) values ('Foodish', 192, 'English');
insert into MENU (m_name, r_id, LANGUAGE) values ('TastesForTastes', 193, 'English');
insert into MENU (m_name, r_id, LANGUAGE) values ('Yummy', 194, 'English');
insert into MENU (m_name, r_id, LANGUAGE) values ('Foodish', 195, 'English');
insert into MENU (m_name, r_id, LANGUAGE) values ('TastesForTastes', 196, 'English');
insert into MENU (m_name, r_id, LANGUAGE) values ('Food', 197, 'English');
insert into MENU (m_name, r_id, LANGUAGE) values ('Food', 198, 'English');
insert into MENU (m_name, r_id, LANGUAGE) values ('Foodish', 199, 'English');
insert into MENU (m_name, r_id, LANGUAGE) values ('TastesForTastes', 200, 'English');
insert into MENU (m_name, r_id, LANGUAGE) values ('Foodish', 201, 'English');
insert into MENU (m_name, r_id, LANGUAGE) values ('Yummy', 202, 'English');
insert into MENU (m_name, r_id, LANGUAGE) values ('Food', 203, 'English');
insert into MENU (m_name, r_id, LANGUAGE) values ('Yummy', 204, 'English');
insert into MENU (m_name, r_id, LANGUAGE) values ('Food', 205, 'English');
insert into MENU (m_name, r_id, LANGUAGE) values ('Foodish', 206, 'English');
insert into MENU (m_name, r_id, LANGUAGE) values ('Foodish', 207, 'English');
insert into MENU (m_name, r_id, LANGUAGE) values ('Food', 208, 'English');
insert into MENU (m_name, r_id, LANGUAGE) values ('TheFood', 209, 'English');
insert into MENU (m_name, r_id, LANGUAGE) values ('Yummy', 210, 'English');
insert into MENU (m_name, r_id, LANGUAGE) values ('Yummy', 211, 'English');
insert into MENU (m_name, r_id, LANGUAGE) values ('TastesForTastes', 212, 'English');
insert into MENU (m_name, r_id, LANGUAGE) values ('Yummy', 213, 'English');
insert into MENU (m_name, r_id, LANGUAGE) values ('IPromiseItIsFresh', 214, 'English');
insert into MENU (m_name, r_id, LANGUAGE) values ('Yummy', 215, 'English');
insert into MENU (m_name, r_id, LANGUAGE) values ('Yummy', 216, 'English');
insert into MENU (m_name, r_id, LANGUAGE) values ('IPromiseItIsFresh', 217, 'English');
insert into MENU (m_name, r_id, LANGUAGE) values ('Yummy', 218, 'English');
insert into MENU (m_name, r_id, LANGUAGE) values ('TastesForTastes', 219, 'English');
insert into MENU (m_name, r_id, LANGUAGE) values ('IPromiseItIsFresh', 220, 'English');
insert into MENU (m_name, r_id, LANGUAGE) values ('Food', 221, 'English');
insert into MENU (m_name, r_id, LANGUAGE) values ('Food', 222, 'English');
insert into MENU (m_name, r_id, LANGUAGE) values ('Yummy', 223, 'English');
insert into MENU (m_name, r_id, LANGUAGE) values ('TastesForTastes', 224, 'English');
insert into MENU (m_name, r_id, LANGUAGE) values ('TastesForTastes', 225, 'English');
insert into MENU (m_name, r_id, LANGUAGE) values ('Foodish', 226, 'English');
insert into MENU (m_name, r_id, LANGUAGE) values ('TastesForTastes', 227, 'English');
insert into MENU (m_name, r_id, LANGUAGE) values ('Foodish', 228, 'English');
insert into MENU (m_name, r_id, LANGUAGE) values ('Yummy', 229, 'English');
insert into MENU (m_name, r_id, LANGUAGE) values ('TastesForTastes', 230, 'English');
insert into MENU (m_name, r_id, LANGUAGE) values ('Food', 231, 'English');
insert into MENU (m_name, r_id, LANGUAGE) values ('Foodish', 232, 'English');
insert into MENU (m_name, r_id, LANGUAGE) values ('Food', 233, 'English');
insert into MENU (m_name, r_id, LANGUAGE) values ('Yummy', 234, 'English');
insert into MENU (m_name, r_id, LANGUAGE) values ('TastesForTastes', 235, 'English');
insert into MENU (m_name, r_id, LANGUAGE) values ('Food', 236, 'English');
insert into MENU (m_name, r_id, LANGUAGE) values ('Food', 237, 'English');
insert into MENU (m_name, r_id, LANGUAGE) values ('Foodish', 238, 'English');
insert into MENU (m_name, r_id, LANGUAGE) values ('TheFood', 239, 'English');
insert into MENU (m_name, r_id, LANGUAGE) values ('Yummy', 240, 'English');
insert into MENU (m_name, r_id, LANGUAGE) values ('Food', 241, 'English');
insert into MENU (m_name, r_id, LANGUAGE) values ('IPromiseItIsFresh', 242, 'English');
insert into MENU (m_name, r_id, LANGUAGE) values ('TastesForTastes', 243, 'English');
insert into MENU (m_name, r_id, LANGUAGE) values ('TastesForTastes', 244, 'English');
insert into MENU (m_name, r_id, LANGUAGE) values ('Food', 245, 'English');
insert into MENU (m_name, r_id, LANGUAGE) values ('TheFood', 246, 'English');
insert into MENU (m_name, r_id, LANGUAGE) values ('TastesForTastes', 247, 'English');
insert into MENU (m_name, r_id, LANGUAGE) values ('Food', 248, 'English');
insert into MENU (m_name, r_id, LANGUAGE) values ('TheFood', 249, 'English');
insert into MENU (m_name, r_id, LANGUAGE) values ('Yummy', 250, 'English');

------------------- END OF MENU INSERTIONS--------------------------------

------------------- BEGINNING OF FOOD_ENTRIES INSERTIONS-------------------

insert into FOOD_ENTRIES (price, r_menu_id, name) values (4.7, 1, 'Tamales');
insert into FOOD_ENTRIES (price, r_menu_id, name) values (19.1, 2, 'Tamales');
insert into FOOD_ENTRIES (price, r_menu_id, name) values (5.09, 3, 'Tamales');
insert into FOOD_ENTRIES (price, r_menu_id, name) values (16.02, 4, 'Tamales');
insert into FOOD_ENTRIES (price, r_menu_id, name) values (13.9, 5, 'Tamales');
insert into FOOD_ENTRIES (price, r_menu_id, name) values (10.6, 6, 'Tamales');
insert into FOOD_ENTRIES (price, r_menu_id, name) values (10.95, 7, 'Tamales');
insert into FOOD_ENTRIES (price, r_menu_id, name) values (14.87, 8, 'Tamales');
insert into FOOD_ENTRIES (price, r_menu_id, name) values (4.52, 9, 'Tamales');
insert into FOOD_ENTRIES (price, r_menu_id, name) values (13.76, 10, 'Tamales');
insert into FOOD_ENTRIES (price, r_menu_id, name) values (6.41, 11, 'Tamales');
insert into FOOD_ENTRIES (price, r_menu_id, name) values (6.51, 12, 'Tamales');
insert into FOOD_ENTRIES (price, r_menu_id, name) values (6.51, 13, 'Tamales');
insert into FOOD_ENTRIES (price, r_menu_id, name) values (6.67, 14, 'Tamales');
insert into FOOD_ENTRIES (price, r_menu_id, name) values (10.4, 15, 'Tamales');
insert into FOOD_ENTRIES (price, r_menu_id, name) values (8.34, 16, 'Tamales');
insert into FOOD_ENTRIES (price, r_menu_id, name) values (17.78, 17, 'Tamales');
insert into FOOD_ENTRIES (price, r_menu_id, name) values (4.68, 18, 'Tamales');
insert into FOOD_ENTRIES (price, r_menu_id, name) values (11.9, 19, 'Tamales');
insert into FOOD_ENTRIES (price, r_menu_id, name) values (7.36, 20, 'Tamales');
insert into FOOD_ENTRIES (price, r_menu_id, name) values (11.23, 21, 'Tamales');
insert into FOOD_ENTRIES (price, r_menu_id, name) values (10.81, 22, 'Tamales');
insert into FOOD_ENTRIES (price, r_menu_id, name) values (7.59, 23, 'Tamales');
insert into FOOD_ENTRIES (price, r_menu_id, name) values (12.32, 24, 'Tamales');
insert into FOOD_ENTRIES (price, r_menu_id, name) values (4.4, 25, 'Tamales');
insert into FOOD_ENTRIES (price, r_menu_id, name) values (19.6, 26, 'Tamales');
insert into FOOD_ENTRIES (price, r_menu_id, name) values (7.03, 27, 'Tamales');
insert into FOOD_ENTRIES (price, r_menu_id, name) values (13.78, 28, 'Tamales');
insert into FOOD_ENTRIES (price, r_menu_id, name) values (18.16, 29, 'Tamales');
insert into FOOD_ENTRIES (price, r_menu_id, name) values (12.88, 30, 'Tamales');
insert into FOOD_ENTRIES (price, r_menu_id, name) values (5.98, 31, 'Tamales');
insert into FOOD_ENTRIES (price, r_menu_id, name) values (12.54, 32, 'Tamales');
insert into FOOD_ENTRIES (price, r_menu_id, name) values (5.32, 33, 'Tamales');
insert into FOOD_ENTRIES (price, r_menu_id, name) values (19.19, 34, 'Tamales');
insert into FOOD_ENTRIES (price, r_menu_id, name) values (16.86, 35, 'Tamales');
insert into FOOD_ENTRIES (price, r_menu_id, name) values (19.32, 36, 'Tamales');
insert into FOOD_ENTRIES (price, r_menu_id, name) values (17.78, 37, 'Tamales');
insert into FOOD_ENTRIES (price, r_menu_id, name) values (13.56, 38, 'Tamales');
insert into FOOD_ENTRIES (price, r_menu_id, name) values (12.14, 39, 'Tamales');
insert into FOOD_ENTRIES (price, r_menu_id, name) values (14.47, 40, 'Tamales');
insert into FOOD_ENTRIES (price, r_menu_id, name) values (10.26, 41, 'Tamales');
insert into FOOD_ENTRIES (price, r_menu_id, name) values (16.09, 42, 'Tamales');
insert into FOOD_ENTRIES (price, r_menu_id, name) values (8.97, 43, 'Tamales');
insert into FOOD_ENTRIES (price, r_menu_id, name) values (17.75, 44, 'Tamales');
insert into FOOD_ENTRIES (price, r_menu_id, name) values (13.82, 45, 'Tamales');
insert into FOOD_ENTRIES (price, r_menu_id, name) values (5.0, 46, 'Tamales');
insert into FOOD_ENTRIES (price, r_menu_id, name) values (6.91, 47, 'Tamales');
insert into FOOD_ENTRIES (price, r_menu_id, name) values (15.82, 48, 'Tamales');
insert into FOOD_ENTRIES (price, r_menu_id, name) values (4.11, 49, 'Tamales');
insert into FOOD_ENTRIES (price, r_menu_id, name) values (8.61, 50, 'Tamales');
insert into FOOD_ENTRIES (price, r_menu_id, name) values (15.07, 51, 'Cannoli');
insert into FOOD_ENTRIES (price, r_menu_id, name) values (6.82, 52, 'Cannoli');
insert into FOOD_ENTRIES (price, r_menu_id, name) values (5.26, 53, 'Cannoli');
insert into FOOD_ENTRIES (price, r_menu_id, name) values (16.87, 54, 'Cannoli');
insert into FOOD_ENTRIES (price, r_menu_id, name) values (4.2, 55, 'Cannoli');
insert into FOOD_ENTRIES (price, r_menu_id, name) values (10.14, 56, 'Cannoli');
insert into FOOD_ENTRIES (price, r_menu_id, name) values (14.07, 57, 'Cannoli');
insert into FOOD_ENTRIES (price, r_menu_id, name) values (9.43, 58, 'Cannoli');
insert into FOOD_ENTRIES (price, r_menu_id, name) values (7.0, 59, 'Cannoli');
insert into FOOD_ENTRIES (price, r_menu_id, name) values (10.42, 60, 'Cannoli');
insert into FOOD_ENTRIES (price, r_menu_id, name) values (13.79, 61, 'Cannoli');
insert into FOOD_ENTRIES (price, r_menu_id, name) values (19.47, 62, 'Cannoli');
insert into FOOD_ENTRIES (price, r_menu_id, name) values (10.5, 63, 'Cannoli');
insert into FOOD_ENTRIES (price, r_menu_id, name) values (10.81, 64, 'Cannoli');
insert into FOOD_ENTRIES (price, r_menu_id, name) values (14.71, 65, 'Cannoli');
insert into FOOD_ENTRIES (price, r_menu_id, name) values (11.68, 66, 'Cannoli');
insert into FOOD_ENTRIES (price, r_menu_id, name) values (6.67, 67, 'Cannoli');
insert into FOOD_ENTRIES (price, r_menu_id, name) values (8.03, 68, 'Cannoli');
insert into FOOD_ENTRIES (price, r_menu_id, name) values (11.44, 69, 'Cannoli');
insert into FOOD_ENTRIES (price, r_menu_id, name) values (11.08, 70, 'Cannoli');
insert into FOOD_ENTRIES (price, r_menu_id, name) values (6.17, 71, 'Cannoli');
insert into FOOD_ENTRIES (price, r_menu_id, name) values (11.54, 72, 'Cannoli');
insert into FOOD_ENTRIES (price, r_menu_id, name) values (7.04, 73, 'Cannoli');
insert into FOOD_ENTRIES (price, r_menu_id, name) values (11.31, 74, 'Cannoli');
insert into FOOD_ENTRIES (price, r_menu_id, name) values (15.19, 75, 'Cannoli');
insert into FOOD_ENTRIES (price, r_menu_id, name) values (11.83, 76, 'Cannoli');
insert into FOOD_ENTRIES (price, r_menu_id, name) values (16.03, 77, 'Cannoli');
insert into FOOD_ENTRIES (price, r_menu_id, name) values (7.4, 78, 'Cannoli');
insert into FOOD_ENTRIES (price, r_menu_id, name) values (4.06, 79, 'Cannoli');
insert into FOOD_ENTRIES (price, r_menu_id, name) values (14.77, 80, 'Cannoli');
insert into FOOD_ENTRIES (price, r_menu_id, name) values (8.96, 81, 'Cannoli');
insert into FOOD_ENTRIES (price, r_menu_id, name) values (12.8, 82, 'Cannoli');
insert into FOOD_ENTRIES (price, r_menu_id, name) values (5.53, 83, 'Cannoli');
insert into FOOD_ENTRIES (price, r_menu_id, name) values (12.11, 84, 'Cannoli');
insert into FOOD_ENTRIES (price, r_menu_id, name) values (4.85, 85, 'Cannoli');
insert into FOOD_ENTRIES (price, r_menu_id, name) values (9.82, 86, 'Cannoli');
insert into FOOD_ENTRIES (price, r_menu_id, name) values (12.1, 87, 'Cannoli');
insert into FOOD_ENTRIES (price, r_menu_id, name) values (17.01, 88, 'Cannoli');
insert into FOOD_ENTRIES (price, r_menu_id, name) values (12.35, 89, 'Cannoli');
insert into FOOD_ENTRIES (price, r_menu_id, name) values (9.14, 90, 'Cannoli');
insert into FOOD_ENTRIES (price, r_menu_id, name) values (19.19, 91, 'Cannoli');
insert into FOOD_ENTRIES (price, r_menu_id, name) values (7.05, 92, 'Cannoli');
insert into FOOD_ENTRIES (price, r_menu_id, name) values (10.08, 93, 'Cannoli');
insert into FOOD_ENTRIES (price, r_menu_id, name) values (18.18, 94, 'Cannoli');
insert into FOOD_ENTRIES (price, r_menu_id, name) values (6.0, 95, 'Cannoli');
insert into FOOD_ENTRIES (price, r_menu_id, name) values (5.87, 96, 'Cannoli');
insert into FOOD_ENTRIES (price, r_menu_id, name) values (10.08, 97, 'Cannoli');
insert into FOOD_ENTRIES (price, r_menu_id, name) values (19.17, 98, 'Cannoli');
insert into FOOD_ENTRIES (price, r_menu_id, name) values (17.03, 99, 'Cannoli');
insert into FOOD_ENTRIES (price, r_menu_id, name) values (19.97, 100, 'Cannoli');
insert into FOOD_ENTRIES (price, r_menu_id, name) values (15.46, 101, 'Chicken Nuggets');
insert into FOOD_ENTRIES (price, r_menu_id, name) values (19.35, 102, 'Chicken Nuggets');
insert into FOOD_ENTRIES (price, r_menu_id, name) values (11.53, 103, 'Chicken Nuggets');
insert into FOOD_ENTRIES (price, r_menu_id, name) values (14.63, 104, 'Chicken Nuggets');
insert into FOOD_ENTRIES (price, r_menu_id, name) values (19.94, 105, 'Chicken Nuggets');
insert into FOOD_ENTRIES (price, r_menu_id, name) values (6.35, 106, 'Chicken Nuggets');
insert into FOOD_ENTRIES (price, r_menu_id, name) values (12.29, 107, 'Chicken Nuggets');
insert into FOOD_ENTRIES (price, r_menu_id, name) values (16.62, 108, 'Chicken Nuggets');
insert into FOOD_ENTRIES (price, r_menu_id, name) values (12.82, 109, 'Chicken Nuggets');
insert into FOOD_ENTRIES (price, r_menu_id, name) values (6.7, 110, 'Chicken Nuggets');
insert into FOOD_ENTRIES (price, r_menu_id, name) values (14.14, 111, 'Chicken Nuggets');
insert into FOOD_ENTRIES (price, r_menu_id, name) values (17.57, 112, 'Chicken Nuggets');
insert into FOOD_ENTRIES (price, r_menu_id, name) values (16.46, 113, 'Chicken Nuggets');
insert into FOOD_ENTRIES (price, r_menu_id, name) values (16.11, 114, 'Chicken Nuggets');
insert into FOOD_ENTRIES (price, r_menu_id, name) values (17.33, 115, 'Chicken Nuggets');
insert into FOOD_ENTRIES (price, r_menu_id, name) values (5.66, 116, 'Chicken Nuggets');
insert into FOOD_ENTRIES (price, r_menu_id, name) values (4.31, 117, 'Chicken Nuggets');
insert into FOOD_ENTRIES (price, r_menu_id, name) values (18.42, 118, 'Chicken Nuggets');
insert into FOOD_ENTRIES (price, r_menu_id, name) values (5.22, 119, 'Chicken Nuggets');
insert into FOOD_ENTRIES (price, r_menu_id, name) values (10.17, 120, 'Chicken Nuggets');
insert into FOOD_ENTRIES (price, r_menu_id, name) values (6.14, 121, 'Chicken Nuggets');
insert into FOOD_ENTRIES (price, r_menu_id, name) values (8.86, 122, 'Chicken Nuggets');
insert into FOOD_ENTRIES (price, r_menu_id, name) values (14.3, 123, 'Chicken Nuggets');
insert into FOOD_ENTRIES (price, r_menu_id, name) values (8.01, 124, 'Chicken Nuggets');
insert into FOOD_ENTRIES (price, r_menu_id, name) values (10.76, 125, 'Chicken Nuggets');
insert into FOOD_ENTRIES (price, r_menu_id, name) values (15.5, 126, 'Chicken Nuggets');
insert into FOOD_ENTRIES (price, r_menu_id, name) values (5.5, 127, 'Chicken Nuggets');
insert into FOOD_ENTRIES (price, r_menu_id, name) values (15.02, 128, 'Chicken Nuggets');
insert into FOOD_ENTRIES (price, r_menu_id, name) values (16.3, 129, 'Chicken Nuggets');
insert into FOOD_ENTRIES (price, r_menu_id, name) values (6.35, 130, 'Chicken Nuggets');
insert into FOOD_ENTRIES (price, r_menu_id, name) values (7.76, 131, 'Chicken Nuggets');
insert into FOOD_ENTRIES (price, r_menu_id, name) values (11.64, 132, 'Chicken Nuggets');
insert into FOOD_ENTRIES (price, r_menu_id, name) values (10.71, 133, 'Chicken Nuggets');
insert into FOOD_ENTRIES (price, r_menu_id, name) values (8.52, 134, 'Chicken Nuggets');
insert into FOOD_ENTRIES (price, r_menu_id, name) values (17.76, 135, 'Chicken Nuggets');
insert into FOOD_ENTRIES (price, r_menu_id, name) values (17.13, 136, 'Chicken Nuggets');
insert into FOOD_ENTRIES (price, r_menu_id, name) values (18.82, 137, 'Chicken Nuggets');
insert into FOOD_ENTRIES (price, r_menu_id, name) values (7.53, 138, 'Chicken Nuggets');
insert into FOOD_ENTRIES (price, r_menu_id, name) values (17.14, 139, 'Chicken Nuggets');
insert into FOOD_ENTRIES (price, r_menu_id, name) values (13.99, 140, 'Chicken Nuggets');
insert into FOOD_ENTRIES (price, r_menu_id, name) values (18.4, 141, 'Chicken Nuggets');
insert into FOOD_ENTRIES (price, r_menu_id, name) values (16.81, 142, 'Chicken Nuggets');
insert into FOOD_ENTRIES (price, r_menu_id, name) values (14.18, 143, 'Chicken Nuggets');
insert into FOOD_ENTRIES (price, r_menu_id, name) values (13.18, 144, 'Chicken Nuggets');
insert into FOOD_ENTRIES (price, r_menu_id, name) values (8.57, 145, 'Chicken Nuggets');
insert into FOOD_ENTRIES (price, r_menu_id, name) values (12.22, 146, 'Chicken Nuggets');
insert into FOOD_ENTRIES (price, r_menu_id, name) values (16.52, 147, 'Chicken Nuggets');
insert into FOOD_ENTRIES (price, r_menu_id, name) values (7.63, 148, 'Chicken Nuggets');
insert into FOOD_ENTRIES (price, r_menu_id, name) values (12.91, 149, 'Chicken Nuggets');
insert into FOOD_ENTRIES (price, r_menu_id, name) values (10.27, 150, 'Chicken Nuggets');
insert into FOOD_ENTRIES (price, r_menu_id, name) values (5.92, 151, 'Fried Rice');
insert into FOOD_ENTRIES (price, r_menu_id, name) values (16.97, 152, 'Fried Rice');
insert into FOOD_ENTRIES (price, r_menu_id, name) values (19.21, 153, 'Fried Rice');
insert into FOOD_ENTRIES (price, r_menu_id, name) values (6.4, 154, 'Fried Rice');
insert into FOOD_ENTRIES (price, r_menu_id, name) values (6.68, 155, 'Fried Rice');
insert into FOOD_ENTRIES (price, r_menu_id, name) values (5.11, 156, 'Fried Rice');
insert into FOOD_ENTRIES (price, r_menu_id, name) values (17.93, 157, 'Fried Rice');
insert into FOOD_ENTRIES (price, r_menu_id, name) values (16.38, 158, 'Fried Rice');
insert into FOOD_ENTRIES (price, r_menu_id, name) values (9.86, 159, 'Fried Rice');
insert into FOOD_ENTRIES (price, r_menu_id, name) values (16.29, 160, 'Fried Rice');
insert into FOOD_ENTRIES (price, r_menu_id, name) values (8.6, 161, 'Fried Rice');
insert into FOOD_ENTRIES (price, r_menu_id, name) values (9.1, 162, 'Fried Rice');
insert into FOOD_ENTRIES (price, r_menu_id, name) values (17.89, 163, 'Fried Rice');
insert into FOOD_ENTRIES (price, r_menu_id, name) values (17.25, 164, 'Fried Rice');
insert into FOOD_ENTRIES (price, r_menu_id, name) values (17.99, 165, 'Fried Rice');
insert into FOOD_ENTRIES (price, r_menu_id, name) values (8.96, 166, 'Fried Rice');
insert into FOOD_ENTRIES (price, r_menu_id, name) values (13.3, 167, 'Fried Rice');
insert into FOOD_ENTRIES (price, r_menu_id, name) values (17.22, 168, 'Fried Rice');
insert into FOOD_ENTRIES (price, r_menu_id, name) values (6.23, 169, 'Fried Rice');
insert into FOOD_ENTRIES (price, r_menu_id, name) values (5.54, 170, 'Fried Rice');
insert into FOOD_ENTRIES (price, r_menu_id, name) values (6.0, 171, 'Fried Rice');
insert into FOOD_ENTRIES (price, r_menu_id, name) values (13.11, 172, 'Fried Rice');
insert into FOOD_ENTRIES (price, r_menu_id, name) values (8.61, 173, 'Fried Rice');
insert into FOOD_ENTRIES (price, r_menu_id, name) values (13.38, 174, 'Fried Rice');
insert into FOOD_ENTRIES (price, r_menu_id, name) values (14.94, 175, 'Fried Rice');
insert into FOOD_ENTRIES (price, r_menu_id, name) values (10.32, 176, 'Fried Rice');
insert into FOOD_ENTRIES (price, r_menu_id, name) values (9.15, 177, 'Fried Rice');
insert into FOOD_ENTRIES (price, r_menu_id, name) values (12.72, 178, 'Fried Rice');
insert into FOOD_ENTRIES (price, r_menu_id, name) values (5.12, 179, 'Fried Rice');
insert into FOOD_ENTRIES (price, r_menu_id, name) values (10.27, 180, 'Fried Rice');
insert into FOOD_ENTRIES (price, r_menu_id, name) values (13.67, 181, 'Fried Rice');
insert into FOOD_ENTRIES (price, r_menu_id, name) values (16.4, 182, 'Fried Rice');
insert into FOOD_ENTRIES (price, r_menu_id, name) values (8.92, 183, 'Fried Rice');
insert into FOOD_ENTRIES (price, r_menu_id, name) values (7.16, 184, 'Fried Rice');
insert into FOOD_ENTRIES (price, r_menu_id, name) values (18.31, 185, 'Fried Rice');
insert into FOOD_ENTRIES (price, r_menu_id, name) values (4.61, 186, 'Fried Rice');
insert into FOOD_ENTRIES (price, r_menu_id, name) values (16.87, 187, 'Fried Rice');
insert into FOOD_ENTRIES (price, r_menu_id, name) values (4.12, 188, 'Fried Rice');
insert into FOOD_ENTRIES (price, r_menu_id, name) values (14.1, 189, 'Fried Rice');
insert into FOOD_ENTRIES (price, r_menu_id, name) values (15.88, 190, 'Fried Rice');
insert into FOOD_ENTRIES (price, r_menu_id, name) values (18.6, 191, 'Fried Rice');
insert into FOOD_ENTRIES (price, r_menu_id, name) values (10.18, 192, 'Fried Rice');
insert into FOOD_ENTRIES (price, r_menu_id, name) values (12.78, 193, 'Fried Rice');
insert into FOOD_ENTRIES (price, r_menu_id, name) values (10.68, 194, 'Fried Rice');
insert into FOOD_ENTRIES (price, r_menu_id, name) values (13.08, 195, 'Fried Rice');
insert into FOOD_ENTRIES (price, r_menu_id, name) values (12.65, 196, 'Fried Rice');
insert into FOOD_ENTRIES (price, r_menu_id, name) values (16.72, 197, 'Fried Rice');
insert into FOOD_ENTRIES (price, r_menu_id, name) values (5.54, 198, 'Fried Rice');
insert into FOOD_ENTRIES (price, r_menu_id, name) values (13.61, 199, 'Fried Rice');
insert into FOOD_ENTRIES (price, r_menu_id, name) values (5.99, 200, 'Fried Rice');
insert into FOOD_ENTRIES (price, r_menu_id, name) values (15.53, 201, 'Hummus');
insert into FOOD_ENTRIES (price, r_menu_id, name) values (5.52, 202, 'Hummus');
insert into FOOD_ENTRIES (price, r_menu_id, name) values (19.51, 203, 'Hummus');
insert into FOOD_ENTRIES (price, r_menu_id, name) values (12.74, 204, 'Hummus');
insert into FOOD_ENTRIES (price, r_menu_id, name) values (15.17, 205, 'Hummus');
insert into FOOD_ENTRIES (price, r_menu_id, name) values (17.26, 206, 'Hummus');
insert into FOOD_ENTRIES (price, r_menu_id, name) values (5.94, 207, 'Hummus');
insert into FOOD_ENTRIES (price, r_menu_id, name) values (6.37, 208, 'Hummus');
insert into FOOD_ENTRIES (price, r_menu_id, name) values (7.17, 209, 'Hummus');
insert into FOOD_ENTRIES (price, r_menu_id, name) values (5.94, 210, 'Hummus');
insert into FOOD_ENTRIES (price, r_menu_id, name) values (10.98, 211, 'Hummus');
insert into FOOD_ENTRIES (price, r_menu_id, name) values (13.59, 212, 'Hummus');
insert into FOOD_ENTRIES (price, r_menu_id, name) values (13.03, 213, 'Hummus');
insert into FOOD_ENTRIES (price, r_menu_id, name) values (8.68, 214, 'Hummus');
insert into FOOD_ENTRIES (price, r_menu_id, name) values (18.44, 215, 'Hummus');
insert into FOOD_ENTRIES (price, r_menu_id, name) values (13.95, 216, 'Hummus');
insert into FOOD_ENTRIES (price, r_menu_id, name) values (12.69, 217, 'Hummus');
insert into FOOD_ENTRIES (price, r_menu_id, name) values (10.75, 218, 'Hummus');
insert into FOOD_ENTRIES (price, r_menu_id, name) values (10.56, 219, 'Hummus');
insert into FOOD_ENTRIES (price, r_menu_id, name) values (9.71, 220, 'Hummus');
insert into FOOD_ENTRIES (price, r_menu_id, name) values (15.28, 221, 'Hummus');
insert into FOOD_ENTRIES (price, r_menu_id, name) values (18.23, 222, 'Hummus');
insert into FOOD_ENTRIES (price, r_menu_id, name) values (16.3, 223, 'Hummus');
insert into FOOD_ENTRIES (price, r_menu_id, name) values (16.98, 224, 'Hummus');
insert into FOOD_ENTRIES (price, r_menu_id, name) values (9.37, 225, 'Hummus');
insert into FOOD_ENTRIES (price, r_menu_id, name) values (19.6, 226, 'Hummus');
insert into FOOD_ENTRIES (price, r_menu_id, name) values (9.17, 227, 'Hummus');
insert into FOOD_ENTRIES (price, r_menu_id, name) values (14.67, 228, 'Hummus');
insert into FOOD_ENTRIES (price, r_menu_id, name) values (4.24, 229, 'Hummus');
insert into FOOD_ENTRIES (price, r_menu_id, name) values (13.58, 230, 'Hummus');
insert into FOOD_ENTRIES (price, r_menu_id, name) values (13.5, 231, 'Hummus');
insert into FOOD_ENTRIES (price, r_menu_id, name) values (7.76, 232, 'Hummus');
insert into FOOD_ENTRIES (price, r_menu_id, name) values (4.95, 233, 'Hummus');
insert into FOOD_ENTRIES (price, r_menu_id, name) values (12.85, 234, 'Hummus');
insert into FOOD_ENTRIES (price, r_menu_id, name) values (7.13, 235, 'Hummus');
insert into FOOD_ENTRIES (price, r_menu_id, name) values (12.39, 236, 'Hummus');
insert into FOOD_ENTRIES (price, r_menu_id, name) values (13.19, 237, 'Hummus');
insert into FOOD_ENTRIES (price, r_menu_id, name) values (10.6, 238, 'Hummus');
insert into FOOD_ENTRIES (price, r_menu_id, name) values (15.66, 239, 'Hummus');
insert into FOOD_ENTRIES (price, r_menu_id, name) values (15.98, 240, 'Hummus');
insert into FOOD_ENTRIES (price, r_menu_id, name) values (6.93, 241, 'Hummus');
insert into FOOD_ENTRIES (price, r_menu_id, name) values (14.83, 242, 'Hummus');
insert into FOOD_ENTRIES (price, r_menu_id, name) values (11.2, 243, 'Hummus');
insert into FOOD_ENTRIES (price, r_menu_id, name) values (10.79, 244, 'Hummus');
insert into FOOD_ENTRIES (price, r_menu_id, name) values (18.02, 245, 'Hummus');
insert into FOOD_ENTRIES (price, r_menu_id, name) values (12.82, 246, 'Hummus');
insert into FOOD_ENTRIES (price, r_menu_id, name) values (8.07, 247, 'Hummus');
insert into FOOD_ENTRIES (price, r_menu_id, name) values (9.25, 248, 'Hummus');
insert into FOOD_ENTRIES (price, r_menu_id, name) values (7.59, 249, 'Hummus');
insert into FOOD_ENTRIES (price, r_menu_id, name) values (5.11, 250, 'Hummus');

-- second food list

insert into FOOD_ENTRIES (price, r_menu_id, name) values (15.52, 1, 'Tacos');
insert into FOOD_ENTRIES (price, r_menu_id, name) values (17.1, 2, 'Tacos');
insert into FOOD_ENTRIES (price, r_menu_id, name) values (5.33, 3, 'Tacos');
insert into FOOD_ENTRIES (price, r_menu_id, name) values (13.53, 4, 'Tacos');
insert into FOOD_ENTRIES (price, r_menu_id, name) values (18.71, 5, 'Tacos');
insert into FOOD_ENTRIES (price, r_menu_id, name) values (17.62, 6, 'Tacos');
insert into FOOD_ENTRIES (price, r_menu_id, name) values (4.49, 7, 'Tacos');
insert into FOOD_ENTRIES (price, r_menu_id, name) values (7.33, 8, 'Tacos');
insert into FOOD_ENTRIES (price, r_menu_id, name) values (13.98, 9, 'Tacos');
insert into FOOD_ENTRIES (price, r_menu_id, name) values (10.59, 10, 'Tacos');
insert into FOOD_ENTRIES (price, r_menu_id, name) values (18.14, 11, 'Tacos');
insert into FOOD_ENTRIES (price, r_menu_id, name) values (12.14, 12, 'Tacos');
insert into FOOD_ENTRIES (price, r_menu_id, name) values (7.06, 13, 'Tacos');
insert into FOOD_ENTRIES (price, r_menu_id, name) values (16.1, 14, 'Tacos');
insert into FOOD_ENTRIES (price, r_menu_id, name) values (6.11, 15, 'Tacos');
insert into FOOD_ENTRIES (price, r_menu_id, name) values (19.06, 16, 'Tacos');
insert into FOOD_ENTRIES (price, r_menu_id, name) values (5.92, 17, 'Tacos');
insert into FOOD_ENTRIES (price, r_menu_id, name) values (8.96, 18, 'Tacos');
insert into FOOD_ENTRIES (price, r_menu_id, name) values (12.56, 19, 'Tacos');
insert into FOOD_ENTRIES (price, r_menu_id, name) values (13.21, 20, 'Tacos');
insert into FOOD_ENTRIES (price, r_menu_id, name) values (7.11, 21, 'Tacos');
insert into FOOD_ENTRIES (price, r_menu_id, name) values (10.44, 22, 'Tacos');
insert into FOOD_ENTRIES (price, r_menu_id, name) values (15.44, 23, 'Tacos');
insert into FOOD_ENTRIES (price, r_menu_id, name) values (17.56, 24, 'Tacos');
insert into FOOD_ENTRIES (price, r_menu_id, name) values (15.43, 25, 'Tacos');
insert into FOOD_ENTRIES (price, r_menu_id, name) values (16.35, 26, 'Tacos');
insert into FOOD_ENTRIES (price, r_menu_id, name) values (17.66, 27, 'Tacos');
insert into FOOD_ENTRIES (price, r_menu_id, name) values (11.97, 28, 'Tacos');
insert into FOOD_ENTRIES (price, r_menu_id, name) values (12.51, 29, 'Tacos');
insert into FOOD_ENTRIES (price, r_menu_id, name) values (15.81, 30, 'Tacos');
insert into FOOD_ENTRIES (price, r_menu_id, name) values (9.63, 31, 'Tacos');
insert into FOOD_ENTRIES (price, r_menu_id, name) values (17.55, 32, 'Tacos');
insert into FOOD_ENTRIES (price, r_menu_id, name) values (15.68, 33, 'Tacos');
insert into FOOD_ENTRIES (price, r_menu_id, name) values (16.58, 34, 'Tacos');
insert into FOOD_ENTRIES (price, r_menu_id, name) values (19.9, 35, 'Tacos');
insert into FOOD_ENTRIES (price, r_menu_id, name) values (18.97, 36, 'Tacos');
insert into FOOD_ENTRIES (price, r_menu_id, name) values (16.57, 37, 'Tacos');
insert into FOOD_ENTRIES (price, r_menu_id, name) values (8.8, 38, 'Tacos');
insert into FOOD_ENTRIES (price, r_menu_id, name) values (11.06, 39, 'Tacos');
insert into FOOD_ENTRIES (price, r_menu_id, name) values (11.29, 40, 'Tacos');
insert into FOOD_ENTRIES (price, r_menu_id, name) values (10.1, 41, 'Tacos');
insert into FOOD_ENTRIES (price, r_menu_id, name) values (10.56, 42, 'Tacos');
insert into FOOD_ENTRIES (price, r_menu_id, name) values (9.09, 43, 'Tacos');
insert into FOOD_ENTRIES (price, r_menu_id, name) values (7.94, 44, 'Tacos');
insert into FOOD_ENTRIES (price, r_menu_id, name) values (6.15, 45, 'Tacos');
insert into FOOD_ENTRIES (price, r_menu_id, name) values (18.0, 46, 'Tacos');
insert into FOOD_ENTRIES (price, r_menu_id, name) values (14.66, 47, 'Tacos');
insert into FOOD_ENTRIES (price, r_menu_id, name) values (7.02, 48, 'Tacos');
insert into FOOD_ENTRIES (price, r_menu_id, name) values (6.57, 49, 'Tacos');
insert into FOOD_ENTRIES (price, r_menu_id, name) values (14.38, 50, 'Tacos');
insert into FOOD_ENTRIES (price, r_menu_id, name) values (8.6, 51, 'Pasta');
insert into FOOD_ENTRIES (price, r_menu_id, name) values (5.9, 52, 'Pasta');
insert into FOOD_ENTRIES (price, r_menu_id, name) values (8.04, 53, 'Pasta');
insert into FOOD_ENTRIES (price, r_menu_id, name) values (4.62, 54, 'Pasta');
insert into FOOD_ENTRIES (price, r_menu_id, name) values (17.31, 55, 'Pasta');
insert into FOOD_ENTRIES (price, r_menu_id, name) values (14.38, 56, 'Pasta');
insert into FOOD_ENTRIES (price, r_menu_id, name) values (13.02, 57, 'Pasta');
insert into FOOD_ENTRIES (price, r_menu_id, name) values (17.88, 58, 'Pasta');
insert into FOOD_ENTRIES (price, r_menu_id, name) values (6.83, 59, 'Pasta');
insert into FOOD_ENTRIES (price, r_menu_id, name) values (11.5, 60, 'Pasta');
insert into FOOD_ENTRIES (price, r_menu_id, name) values (16.72, 61, 'Pasta');
insert into FOOD_ENTRIES (price, r_menu_id, name) values (18.48, 62, 'Pasta');
insert into FOOD_ENTRIES (price, r_menu_id, name) values (13.65, 63, 'Pasta');
insert into FOOD_ENTRIES (price, r_menu_id, name) values (17.07, 64, 'Pasta');
insert into FOOD_ENTRIES (price, r_menu_id, name) values (7.75, 65, 'Pasta');
insert into FOOD_ENTRIES (price, r_menu_id, name) values (12.08, 66, 'Pasta');
insert into FOOD_ENTRIES (price, r_menu_id, name) values (14.8, 67, 'Pasta');
insert into FOOD_ENTRIES (price, r_menu_id, name) values (5.63, 68, 'Pasta');
insert into FOOD_ENTRIES (price, r_menu_id, name) values (7.79, 69, 'Pasta');
insert into FOOD_ENTRIES (price, r_menu_id, name) values (9.57, 70, 'Pasta');
insert into FOOD_ENTRIES (price, r_menu_id, name) values (18.42, 71, 'Pasta');
insert into FOOD_ENTRIES (price, r_menu_id, name) values (5.1, 72, 'Pasta');
insert into FOOD_ENTRIES (price, r_menu_id, name) values (11.99, 73, 'Pasta');
insert into FOOD_ENTRIES (price, r_menu_id, name) values (15.25, 74, 'Pasta');
insert into FOOD_ENTRIES (price, r_menu_id, name) values (16.79, 75, 'Pasta');
insert into FOOD_ENTRIES (price, r_menu_id, name) values (18.73, 76, 'Pasta');
insert into FOOD_ENTRIES (price, r_menu_id, name) values (6.86, 77, 'Pasta');
insert into FOOD_ENTRIES (price, r_menu_id, name) values (4.67, 78, 'Pasta');
insert into FOOD_ENTRIES (price, r_menu_id, name) values (19.96, 79, 'Pasta');
insert into FOOD_ENTRIES (price, r_menu_id, name) values (10.63, 80, 'Pasta');
insert into FOOD_ENTRIES (price, r_menu_id, name) values (5.95, 81, 'Pasta');
insert into FOOD_ENTRIES (price, r_menu_id, name) values (18.07, 82, 'Pasta');
insert into FOOD_ENTRIES (price, r_menu_id, name) values (17.15, 83, 'Pasta');
insert into FOOD_ENTRIES (price, r_menu_id, name) values (16.02, 84, 'Pasta');
insert into FOOD_ENTRIES (price, r_menu_id, name) values (7.59, 85, 'Pasta');
insert into FOOD_ENTRIES (price, r_menu_id, name) values (13.62, 86, 'Pasta');
insert into FOOD_ENTRIES (price, r_menu_id, name) values (18.51, 87, 'Pasta');
insert into FOOD_ENTRIES (price, r_menu_id, name) values (8.84, 88, 'Pasta');
insert into FOOD_ENTRIES (price, r_menu_id, name) values (9.91, 89, 'Pasta');
insert into FOOD_ENTRIES (price, r_menu_id, name) values (10.06, 90, 'Pasta');
insert into FOOD_ENTRIES (price, r_menu_id, name) values (6.64, 91, 'Pasta');
insert into FOOD_ENTRIES (price, r_menu_id, name) values (18.25, 92, 'Pasta');
insert into FOOD_ENTRIES (price, r_menu_id, name) values (10.13, 93, 'Pasta');
insert into FOOD_ENTRIES (price, r_menu_id, name) values (15.16, 94, 'Pasta');
insert into FOOD_ENTRIES (price, r_menu_id, name) values (19.53, 95, 'Pasta');
insert into FOOD_ENTRIES (price, r_menu_id, name) values (9.68, 96, 'Pasta');
insert into FOOD_ENTRIES (price, r_menu_id, name) values (16.28, 97, 'Pasta');
insert into FOOD_ENTRIES (price, r_menu_id, name) values (8.69, 98, 'Pasta');
insert into FOOD_ENTRIES (price, r_menu_id, name) values (15.07, 99, 'Pasta');
insert into FOOD_ENTRIES (price, r_menu_id, name) values (19.24, 100, 'Pasta');
insert into FOOD_ENTRIES (price, r_menu_id, name) values (16.92, 101, 'Chicken Fingers');
insert into FOOD_ENTRIES (price, r_menu_id, name) values (17.01, 102, 'Chicken Fingers');
insert into FOOD_ENTRIES (price, r_menu_id, name) values (7.99, 103, 'Chicken Fingers');
insert into FOOD_ENTRIES (price, r_menu_id, name) values (12.67, 104, 'Chicken Fingers');
insert into FOOD_ENTRIES (price, r_menu_id, name) values (12.57, 105, 'Chicken Fingers');
insert into FOOD_ENTRIES (price, r_menu_id, name) values (5.55, 106, 'Chicken Fingers');
insert into FOOD_ENTRIES (price, r_menu_id, name) values (10.7, 107, 'Chicken Fingers');
insert into FOOD_ENTRIES (price, r_menu_id, name) values (4.6, 108, 'Chicken Fingers');
insert into FOOD_ENTRIES (price, r_menu_id, name) values (5.01, 109, 'Chicken Fingers');
insert into FOOD_ENTRIES (price, r_menu_id, name) values (10.64, 110, 'Chicken Fingers');
insert into FOOD_ENTRIES (price, r_menu_id, name) values (18.08, 111, 'Chicken Fingers');
insert into FOOD_ENTRIES (price, r_menu_id, name) values (16.53, 112, 'Chicken Fingers');
insert into FOOD_ENTRIES (price, r_menu_id, name) values (13.79, 113, 'Chicken Fingers');
insert into FOOD_ENTRIES (price, r_menu_id, name) values (19.51, 114, 'Chicken Fingers');
insert into FOOD_ENTRIES (price, r_menu_id, name) values (17.76, 115, 'Chicken Fingers');
insert into FOOD_ENTRIES (price, r_menu_id, name) values (8.73, 116, 'Chicken Fingers');
insert into FOOD_ENTRIES (price, r_menu_id, name) values (13.4, 117, 'Chicken Fingers');
insert into FOOD_ENTRIES (price, r_menu_id, name) values (15.66, 118, 'Chicken Fingers');
insert into FOOD_ENTRIES (price, r_menu_id, name) values (10.52, 119, 'Chicken Fingers');
insert into FOOD_ENTRIES (price, r_menu_id, name) values (9.96, 120, 'Chicken Fingers');
insert into FOOD_ENTRIES (price, r_menu_id, name) values (13.46, 121, 'Chicken Fingers');
insert into FOOD_ENTRIES (price, r_menu_id, name) values (9.0, 122, 'Chicken Fingers');
insert into FOOD_ENTRIES (price, r_menu_id, name) values (8.36, 123, 'Chicken Fingers');
insert into FOOD_ENTRIES (price, r_menu_id, name) values (14.86, 124, 'Chicken Fingers');
insert into FOOD_ENTRIES (price, r_menu_id, name) values (19.39, 125, 'Chicken Fingers');
insert into FOOD_ENTRIES (price, r_menu_id, name) values (13.67, 126, 'Chicken Fingers');
insert into FOOD_ENTRIES (price, r_menu_id, name) values (19.27, 127, 'Chicken Fingers');
insert into FOOD_ENTRIES (price, r_menu_id, name) values (19.21, 128, 'Chicken Fingers');
insert into FOOD_ENTRIES (price, r_menu_id, name) values (10.83, 129, 'Chicken Fingers');
insert into FOOD_ENTRIES (price, r_menu_id, name) values (7.37, 130, 'Chicken Fingers');
insert into FOOD_ENTRIES (price, r_menu_id, name) values (5.67, 131, 'Chicken Fingers');
insert into FOOD_ENTRIES (price, r_menu_id, name) values (12.08, 132, 'Chicken Fingers');
insert into FOOD_ENTRIES (price, r_menu_id, name) values (15.61, 133, 'Chicken Fingers');
insert into FOOD_ENTRIES (price, r_menu_id, name) values (18.15, 134, 'Chicken Fingers');
insert into FOOD_ENTRIES (price, r_menu_id, name) values (7.46, 135, 'Chicken Fingers');
insert into FOOD_ENTRIES (price, r_menu_id, name) values (13.78, 136, 'Chicken Fingers');
insert into FOOD_ENTRIES (price, r_menu_id, name) values (13.65, 137, 'Chicken Fingers');
insert into FOOD_ENTRIES (price, r_menu_id, name) values (4.9, 138, 'Chicken Fingers');
insert into FOOD_ENTRIES (price, r_menu_id, name) values (16.98, 139, 'Chicken Fingers');
insert into FOOD_ENTRIES (price, r_menu_id, name) values (5.11, 140, 'Chicken Fingers');
insert into FOOD_ENTRIES (price, r_menu_id, name) values (10.02, 141, 'Chicken Fingers');
insert into FOOD_ENTRIES (price, r_menu_id, name) values (18.91, 142, 'Chicken Fingers');
insert into FOOD_ENTRIES (price, r_menu_id, name) values (16.8, 143, 'Chicken Fingers');
insert into FOOD_ENTRIES (price, r_menu_id, name) values (14.87, 144, 'Chicken Fingers');
insert into FOOD_ENTRIES (price, r_menu_id, name) values (6.09, 145, 'Chicken Fingers');
insert into FOOD_ENTRIES (price, r_menu_id, name) values (8.91, 146, 'Chicken Fingers');
insert into FOOD_ENTRIES (price, r_menu_id, name) values (16.4, 147, 'Chicken Fingers');
insert into FOOD_ENTRIES (price, r_menu_id, name) values (7.0, 148, 'Chicken Fingers');
insert into FOOD_ENTRIES (price, r_menu_id, name) values (16.58, 149, 'Chicken Fingers');
insert into FOOD_ENTRIES (price, r_menu_id, name) values (12.71, 150, 'Chicken Fingers');
insert into FOOD_ENTRIES (price, r_menu_id, name) values (16.34, 151, 'Fried Tofu');
insert into FOOD_ENTRIES (price, r_menu_id, name) values (5.0, 152, 'Fried Tofu');
insert into FOOD_ENTRIES (price, r_menu_id, name) values (9.74, 153, 'Fried Tofu');
insert into FOOD_ENTRIES (price, r_menu_id, name) values (17.18, 154, 'Fried Tofu');
insert into FOOD_ENTRIES (price, r_menu_id, name) values (14.98, 155, 'Fried Tofu');
insert into FOOD_ENTRIES (price, r_menu_id, name) values (5.61, 156, 'Fried Tofu');
insert into FOOD_ENTRIES (price, r_menu_id, name) values (10.59, 157, 'Fried Tofu');
insert into FOOD_ENTRIES (price, r_menu_id, name) values (4.21, 158, 'Fried Tofu');
insert into FOOD_ENTRIES (price, r_menu_id, name) values (5.04, 159, 'Fried Tofu');
insert into FOOD_ENTRIES (price, r_menu_id, name) values (16.55, 160, 'Fried Tofu');
insert into FOOD_ENTRIES (price, r_menu_id, name) values (9.69, 161, 'Fried Tofu');
insert into FOOD_ENTRIES (price, r_menu_id, name) values (16.84, 162, 'Fried Tofu');
insert into FOOD_ENTRIES (price, r_menu_id, name) values (7.19, 163, 'Fried Tofu');
insert into FOOD_ENTRIES (price, r_menu_id, name) values (17.7, 164, 'Fried Tofu');
insert into FOOD_ENTRIES (price, r_menu_id, name) values (7.14, 165, 'Fried Tofu');
insert into FOOD_ENTRIES (price, r_menu_id, name) values (5.29, 166, 'Fried Tofu');
insert into FOOD_ENTRIES (price, r_menu_id, name) values (7.13, 167, 'Fried Tofu');
insert into FOOD_ENTRIES (price, r_menu_id, name) values (13.22, 168, 'Fried Tofu');
insert into FOOD_ENTRIES (price, r_menu_id, name) values (13.44, 169, 'Fried Tofu');
insert into FOOD_ENTRIES (price, r_menu_id, name) values (5.7, 170, 'Fried Tofu');
insert into FOOD_ENTRIES (price, r_menu_id, name) values (17.58, 171, 'Fried Tofu');
insert into FOOD_ENTRIES (price, r_menu_id, name) values (18.96, 172, 'Fried Tofu');
insert into FOOD_ENTRIES (price, r_menu_id, name) values (13.81, 173, 'Fried Tofu');
insert into FOOD_ENTRIES (price, r_menu_id, name) values (15.8, 174, 'Fried Tofu');
insert into FOOD_ENTRIES (price, r_menu_id, name) values (16.74, 175, 'Fried Tofu');
insert into FOOD_ENTRIES (price, r_menu_id, name) values (6.55, 176, 'Fried Tofu');
insert into FOOD_ENTRIES (price, r_menu_id, name) values (5.15, 177, 'Fried Tofu');
insert into FOOD_ENTRIES (price, r_menu_id, name) values (8.37, 178, 'Fried Tofu');
insert into FOOD_ENTRIES (price, r_menu_id, name) values (10.44, 179, 'Fried Tofu');
insert into FOOD_ENTRIES (price, r_menu_id, name) values (19.0, 180, 'Fried Tofu');
insert into FOOD_ENTRIES (price, r_menu_id, name) values (6.28, 181, 'Fried Tofu');
insert into FOOD_ENTRIES (price, r_menu_id, name) values (19.07, 182, 'Fried Tofu');
insert into FOOD_ENTRIES (price, r_menu_id, name) values (9.23, 183, 'Fried Tofu');
insert into FOOD_ENTRIES (price, r_menu_id, name) values (8.11, 184, 'Fried Tofu');
insert into FOOD_ENTRIES (price, r_menu_id, name) values (19.5, 185, 'Fried Tofu');
insert into FOOD_ENTRIES (price, r_menu_id, name) values (4.86, 186, 'Fried Tofu');
insert into FOOD_ENTRIES (price, r_menu_id, name) values (4.45, 187, 'Fried Tofu');
insert into FOOD_ENTRIES (price, r_menu_id, name) values (9.36, 188, 'Fried Tofu');
insert into FOOD_ENTRIES (price, r_menu_id, name) values (10.16, 189, 'Fried Tofu');
insert into FOOD_ENTRIES (price, r_menu_id, name) values (19.11, 190, 'Fried Tofu');
insert into FOOD_ENTRIES (price, r_menu_id, name) values (19.56, 191, 'Fried Tofu');
insert into FOOD_ENTRIES (price, r_menu_id, name) values (13.09, 192, 'Fried Tofu');
insert into FOOD_ENTRIES (price, r_menu_id, name) values (14.82, 193, 'Fried Tofu');
insert into FOOD_ENTRIES (price, r_menu_id, name) values (6.34, 194, 'Fried Tofu');
insert into FOOD_ENTRIES (price, r_menu_id, name) values (4.97, 195, 'Fried Tofu');
insert into FOOD_ENTRIES (price, r_menu_id, name) values (13.8, 196, 'Fried Tofu');
insert into FOOD_ENTRIES (price, r_menu_id, name) values (19.61, 197, 'Fried Tofu');
insert into FOOD_ENTRIES (price, r_menu_id, name) values (16.31, 198, 'Fried Tofu');
insert into FOOD_ENTRIES (price, r_menu_id, name) values (17.26, 199, 'Fried Tofu');
insert into FOOD_ENTRIES (price, r_menu_id, name) values (17.07, 200, 'Fried Tofu');
insert into FOOD_ENTRIES (price, r_menu_id, name) values (4.65, 201, 'Baklava');
insert into FOOD_ENTRIES (price, r_menu_id, name) values (11.64, 202, 'Baklava');
insert into FOOD_ENTRIES (price, r_menu_id, name) values (16.41, 203, 'Baklava');
insert into FOOD_ENTRIES (price, r_menu_id, name) values (15.5, 204, 'Baklava');
insert into FOOD_ENTRIES (price, r_menu_id, name) values (5.82, 205, 'Baklava');
insert into FOOD_ENTRIES (price, r_menu_id, name) values (18.5, 206, 'Baklava');
insert into FOOD_ENTRIES (price, r_menu_id, name) values (8.84, 207, 'Baklava');
insert into FOOD_ENTRIES (price, r_menu_id, name) values (5.49, 208, 'Baklava');
insert into FOOD_ENTRIES (price, r_menu_id, name) values (19.89, 209, 'Baklava');
insert into FOOD_ENTRIES (price, r_menu_id, name) values (17.36, 210, 'Baklava');
insert into FOOD_ENTRIES (price, r_menu_id, name) values (9.39, 211, 'Baklava');
insert into FOOD_ENTRIES (price, r_menu_id, name) values (15.93, 212, 'Baklava');
insert into FOOD_ENTRIES (price, r_menu_id, name) values (13.41, 213, 'Baklava');
insert into FOOD_ENTRIES (price, r_menu_id, name) values (18.13, 214, 'Baklava');
insert into FOOD_ENTRIES (price, r_menu_id, name) values (12.76, 215, 'Baklava');
insert into FOOD_ENTRIES (price, r_menu_id, name) values (5.36, 216, 'Baklava');
insert into FOOD_ENTRIES (price, r_menu_id, name) values (4.86, 217, 'Baklava');
insert into FOOD_ENTRIES (price, r_menu_id, name) values (13.69, 218, 'Baklava');
insert into FOOD_ENTRIES (price, r_menu_id, name) values (18.81, 219, 'Baklava');
insert into FOOD_ENTRIES (price, r_menu_id, name) values (19.41, 220, 'Baklava');
insert into FOOD_ENTRIES (price, r_menu_id, name) values (14.09, 221, 'Baklava');
insert into FOOD_ENTRIES (price, r_menu_id, name) values (14.52, 222, 'Baklava');
insert into FOOD_ENTRIES (price, r_menu_id, name) values (18.72, 223, 'Baklava');
insert into FOOD_ENTRIES (price, r_menu_id, name) values (15.8, 224, 'Baklava');
insert into FOOD_ENTRIES (price, r_menu_id, name) values (14.56, 225, 'Baklava');
insert into FOOD_ENTRIES (price, r_menu_id, name) values (11.97, 226, 'Baklava');
insert into FOOD_ENTRIES (price, r_menu_id, name) values (9.43, 227, 'Baklava');
insert into FOOD_ENTRIES (price, r_menu_id, name) values (7.26, 228, 'Baklava');
insert into FOOD_ENTRIES (price, r_menu_id, name) values (4.02, 229, 'Baklava');
insert into FOOD_ENTRIES (price, r_menu_id, name) values (4.88, 230, 'Baklava');
insert into FOOD_ENTRIES (price, r_menu_id, name) values (9.08, 231, 'Baklava');
insert into FOOD_ENTRIES (price, r_menu_id, name) values (9.16, 232, 'Baklava');
insert into FOOD_ENTRIES (price, r_menu_id, name) values (11.76, 233, 'Baklava');
insert into FOOD_ENTRIES (price, r_menu_id, name) values (9.49, 234, 'Baklava');
insert into FOOD_ENTRIES (price, r_menu_id, name) values (13.79, 235, 'Baklava');
insert into FOOD_ENTRIES (price, r_menu_id, name) values (17.14, 236, 'Baklava');
insert into FOOD_ENTRIES (price, r_menu_id, name) values (10.94, 237, 'Baklava');
insert into FOOD_ENTRIES (price, r_menu_id, name) values (15.97, 238, 'Baklava');
insert into FOOD_ENTRIES (price, r_menu_id, name) values (8.43, 239, 'Baklava');
insert into FOOD_ENTRIES (price, r_menu_id, name) values (18.71, 240, 'Baklava');
insert into FOOD_ENTRIES (price, r_menu_id, name) values (6.04, 241, 'Baklava');
insert into FOOD_ENTRIES (price, r_menu_id, name) values (12.82, 242, 'Baklava');
insert into FOOD_ENTRIES (price, r_menu_id, name) values (16.98, 243, 'Baklava');
insert into FOOD_ENTRIES (price, r_menu_id, name) values (8.53, 244, 'Baklava');
insert into FOOD_ENTRIES (price, r_menu_id, name) values (15.05, 245, 'Baklava');
insert into FOOD_ENTRIES (price, r_menu_id, name) values (6.92, 246, 'Baklava');
insert into FOOD_ENTRIES (price, r_menu_id, name) values (12.29, 247, 'Baklava');
insert into FOOD_ENTRIES (price, r_menu_id, name) values (9.36, 248, 'Baklava');
insert into FOOD_ENTRIES (price, r_menu_id, name) values (7.88, 249, 'Baklava');
insert into FOOD_ENTRIES (price, r_menu_id, name) values (16.47, 250, 'Baklava');

------------------- END OF FOOD_ENTRIES INSERTIONS------------------------

------------------- QUERIES ----------------------------------------------
-- Display's all food entires for a certian rest named "El Diablo"
--SELECT *
--FROM FOOD_ENTRIES
--WHERE(r_menu_id = (SELECT rID FROM RESTAURANT WHERE name = "El Diablo"));
--
--SELECT *
--FROM REVIEW
--WHERE rating >= 1;
---- Joins
--SELECT *
--FROM   RCONTACT
--LEFT JOIN REVIEW ON
--RCONTACT.rest_id = REVIEW.rid;
--
--
---- Convoluted join example
--SELECT *
--FROM  RCONTACT,CITY
--LEFT JOIN REVIEW ON
--RCONTACT.rest_id = REVIEW.rid
--INNER JOIN RESTAURANT ON
--CITY.name = RESTAURANT.rCity
--ORDER BY REVIEW.rating DESC;
--
---- Nested
--SELECT *
--FROM  RCONTACT
--WHERE RCONTACT.rest_id =
--    (SELECT RESTAURANT.rid
--    FROM RESTAURANT
--    WHERE RESTAURANT.rid =
--        (SELECT MENU.r_id
--        FROM MENU));
--
---- Simple
--SELECT *
--FROM  CITY
--LEFT JOIN RESTAURANT ON
--CITY.name = RESTAURANT.rCity;
--
-- TODO Display cheapest food and price
SELECT name, price
FROM FOOD_ENTRIES
WHERE FOOD_ENTRIES.price = (SELECT MIN(price) FROM FOOD_ENTRIES);

---- TODO Display most expensive food
SELECT name, price
FROM FOOD_ENTRIES
WHERE FOOD_ENTRIES.price = (SELECT MAX(price) FROM FOOD_ENTRIES);
--
---- TODO Display the most expensive food in each enthic catagory
SELECT distinct f.name, price, cuisine
FROM FOOD_ENTRIES as f, RESTAURANT
WHERE f.price in (SELECT Distinct MAX(price)
                            FROM FOOD_ENTRIES as fe, MENU, RESTAURANT as r
                            WHERE r_menu_id = r_id AND r_id = r.rID
                            )
ORDER BY f.price ASC;

--SELECT f.name, pr
--
---- TODO Display the least expensive food in each ethnic catagory
--SELECT *
--FROM FOOD_ENTRIES
--WHERE FOOD_ENTRIES.price IN(SELECT MIN(price)
--                            FROM FOOD_ENTRIES, MENU, RESTAURANT
--                            WHERE r_menu_id = r_id AND r_id = rID
--                            GROUP BY cuisine)
--ORDER BY price ASC;
--
---- TODO Display the cheapest food in each town
--SELECT *
--FROM FOOD_ENTRIES
--WHERE FOOD_ENTRIES.price IN(SELECT MIN(price)
--                            FROM FOOD_ENTRIES, MENU, RESTAURANT, CITY
--                            WHERE r_menu_id = r_id AND r_id = rID AND rCity = CITY.name
--                            GROUP BY CITY.name)
--ORDER BY price ASC;
--
---- TODO Display the most expensive food in each town
--SELECT *
--FROM FOOD_ENTRIES
--WHERE FOOD_ENTRIES.price IN(SELECT MAX(price)
--                            FROM FOOD_ENTRIES, MENU, RESTAURANT, CITY
--                            WHERE r_menu_id = r_id AND r_id = rID AND rCity = CITY.name
--                            GROUP BY CITY.name)
--ORDER BY price ASC;
--
---- TODO Display highest rated restaurant in each CITY

SELECT CITY.name, resPerCity.resName, resPerCity.rate
FROM CITY
JOIN (
    SELECT RESTAURANT.name AS resName, MAX(rating) AS rate, RESTAURANT.rCity AS resCity
    FROM RESTAURANT, REVIEW
    WHERE RESTAURANT.rID = REVIEW.rID
    GROUP BY resCity) AS resPerCity
ON CITY.name = resPerCity.resCity
ORDER BY CITY.name;


---- TODO Display highest rated restaurant in each state

SELECT CITY.state, resPerCity.resName, resPerCity.rate
FROM CITY
JOIN (
    SELECT RESTAURANT.name AS resName, MAX(rating) AS rate, CITY.state AS resState
    FROM RESTAURANT, REVIEW, CITY
    WHERE RESTAURANT.rID = REVIEW.rID AND CITY.name = RESTAURANT.rCity
    GROUP BY resState) AS resPerCity
ON CITY.state = resPerCity.resState
ORDER BY CITY.state;

---- TODO Display all restaurant with its average price

SELECT RESTAURANT.name, RESTAURANT.rCity, eachRest.avgPrice
FROM RESTAURANT
JOIN (
    SELECT ROUND( AVG(price), 2 )AS avgPrice, RESTAURANT.name AS resName
    FROM RESTAURANT, MENU, FOOD_ENTRIES
    WHERE r_menu_id = r_id AND r_id = rID AND r_menu_id = rID
    GROUP BY resName) AS eachRest
ON RESTAURANT.name = eachRest.resName
ORDER BY RESTAURANT.rCity;

---- TODO Display highest rated restaurant in each ethnic group and price
--
---- TODO add more functionality

DROP TABLE RUSER;
DROP TABLE CONTACT;
DROP TABLE CITY;
DROP TABLE REVIEW;
DROP TABLE RESTAURANT;
DROP TABLE HOURS;
DROP TABLE RCONTACT;
DROP TABLE MENU;
DROP TABLE FOOD_ENTRIES;
